INVOICE_ID,INVOICE_DATE,INVOICE_AMOUNT,AMOUNT_PAID,ATTRIBUTE_CATEGORY,INVOICE_NUM,RECEIVER
1729137,06-MAY-15,377,377,AVANSAS,1-2084/1-05,"RIMAS ANDRIKIS"
1729293,06-MAY-15,377,377,AVANSAS,1-2084/2-05,"AUŠRINĖ ARMONAITĖ"
1729302,06-MAY-15,377,377,AVANSAS,1-2084/3-05,"RITA BALČIŪNIENĖ"
1729308,06-MAY-15,377,377,AVANSAS,1-2084/4-05,"ADOMAS BUŽINSKAS"
1729343,06-MAY-15,377,377,AVANSAS,1-2084/5-05,"RENATA CYTACKA"
1729363,06-MAY-15,377,377,AVANSAS,1-2084/6-05,"ALGIS ČAPLIKAS"
1729377,06-MAY-15,377,377,AVANSAS,1-2084/7-05,"DMITRIJ GNEUŠEV"
1729391,06-MAY-15,377,377,AVANSAS,1-2084/8-05,"MARK ADAM HAROLD"
1729401,06-MAY-15,377,377,AVANSAS,1-2084/9-05,"VAIDOTAS ILGIUS"
1729406,06-MAY-15,377,377,AVANSAS,1-2084/11-05,"JUOZAS IMBRASAS"
1729415,06-MAY-15,377,377,AVANSAS,1-2084/10-05,"AUDRONIS IMBRASAS"
1729478,06-MAY-15,377,377,AVANSAS,1-2084/12-05,"VINCAS JURGUTIS"
1729506,06-MAY-15,290,290,AVANSAS,1-2084/13-05,"JAROSLAV KAMINSKI"
1729512,06-MAY-15,377,377,AVANSAS,1-2084/14-05,"JUSTINA KAŠĖTAITĖ"
1729518,06-MAY-15,377,377,AVANSAS,1-2084/15-05,"ANDRIUS KATINAS"
1729532,06-MAY-15,377,377,AVANSAS,1-2084/16-05,"AUKSĖ KONTRIMIENĖ"
1729539,06-MAY-15,377,377,AVANSAS,1-2084/17-05,"VAIDAS KUKARĖNAS"
1729545,06-MAY-15,377,377,AVANSAS,1-2084/18-05,"DARIUS KUOLYS"
1729551,06-MAY-15,290,290,AVANSAS,1-2084/19-05,"PAULĖ KUZMICKIENĖ"
1729557,06-MAY-15,290,290,AVANSAS,1-2084/20-05,"ARTUR LIUDKOVSKI"
1729567,06-MAY-15,377,377,AVANSAS,1-2084/21-05,"MYKOLAS MAJAUSKAS"
1729574,06-MAY-15,290,290,AVANSAS,1-2084/22-05,"ZBIGNIEV MACIEJEVSKI"
1729600,06-MAY-15,377,377,AVANSAS,1-2084/23-05,"AUŠRA MALDEIKIENĖ"
1729616,06-MAY-15,377,377,AVANSAS,1-2084/24-05,"VIDMANTAS MARTIKONIS"
1729623,06-MAY-15,377,377,AVANSAS,1-2084/25-05,"VYTAUTAS MITALAS"
1729630,06-MAY-15,377,377,AVANSAS,1-2084/26-05,"MIROSLAVAS MONKEVIČIUS"
1729638,06-MAY-15,377,377,AVANSAS,1-2084/27-05,"RAFAEL MUKSINOV"
1729688,06-MAY-15,377,377,AVANSAS,1-2084/29-05,"JUOZAS OLEKAS"
1729713,06-MAY-15,290,290,AVANSAS,1-2084/30-05,"VIOLETA PODOLSKAITĖ"
1729945,06-MAY-15,377,377,AVANSAS,1-2084/31-05,"ROMUALDA POŠEVECKAJA"
1729986,06-MAY-15,290,290,AVANSAS,1-2084/32-05,"GEDIMINAS RUDŽIONIS"
1729989,06-MAY-15,290,290,AVANSAS,1-2084/33-05,"GŽEGOŽ SAKSON"
1729991,06-MAY-15,377,377,AVANSAS,1-2084/34-05,"ARVYDAS SEKMOKAS"
1729994,06-MAY-15,377,377,AVANSAS,1-2084/35-05,"MARIUS SKARUPSKAS"
1729998,06-MAY-15,377,377,AVANSAS,1-2084/36-05,"ŠARŪNAS SKUČAS"
1730001,06-MAY-15,377,377,AVANSAS,1-2084/37-05,"GEDIMINAS STORPIRŠTIS"
1730024,06-MAY-15,377,377,AVANSAS,1-2084/38-05,"LIUTAURAS STOŠKUS"
1730194,06-MAY-15,377,377,AVANSAS,1-2084/39-05,"ARŪNAS ŠIKŠTA"
1730200,06-MAY-15,290,290,AVANSAS,1-2084/40-05,"ŽILVINAS ŠILGALIS"
1730206,06-MAY-15,377,377,AVANSAS,1-2084/41-05,"EDITA ŠIŠKO"
1730208,06-MAY-15,377,377,AVANSAS,1-2084/42-05,"ALDONA ŠVENTICKIENĖ"
1730214,06-MAY-15,290,290,AVANSAS,1-2084/43-05,"GEDIMINAS ŠVILPA"
1730219,06-MAY-15,377,377,AVANSAS,1-2084/44-05,"EDITA TAMOŠIŪNAITĖ"
1730223,06-MAY-15,377,377,AVANSAS,1-2084/45-05,"SKIRMANTAS TUMELIS"
1730230,06-MAY-15,290,290,AVANSAS,1-2084/46-05,"VIDAS URBONAVIČIUS"
1730235,06-MAY-15,377,377,AVANSAS,1-2084/47-05,"ARTŪRAS ZUOKAS"
1753831,01-JUN-15,95,95,AVANSAS,24-18,"JAROSLAV KAMINSKI"
1756356,27-MAY-15,2143.5,2143.5,AVANSAS,1-2070.2015,"REMIGIJUS ŠIMAŠIUS"
1756359,18-MAY-15,290,290,AVANSAS,40-145/1,"LINAS KVEDARAVIČIUS"
1756723,03-JUN-15,290,290,AVANSAS,1-2084/1-06,"RIMAS ANDRIKIS"
1756734,03-JUN-15,290,290,AVANSAS,1-2084/2-06,"AUŠRINĖ ARMONAITĖ"
1756739,03-JUN-15,290,290,AVANSAS,1-2084/3-06,"RITA BALČIŪNIENĖ"
1756745,03-JUN-15,290,290,AVANSAS,1-2084/4-06,"ADOMAS BUŽINSKAS"
1756808,03-JUN-15,290,290,AVANSAS,1-2084/5-06,"RENATA CYTACKA"
1756817,03-JUN-15,290,290,AVANSAS,1-2084/6-06,"ALGIS ČAPLIKAS"
1756824,03-JUN-15,290,290,AVANSAS,1-2084/7-06,"DMITRIJ GNEUŠEV"
1756830,03-JUN-15,290,290,AVANSAS,1-2084/8-06,"MARK ADAM HAROLD"
1756839,03-JUN-15,290,290,AVANSAS,1-2084/9-06,"VAIDOTAS ILGIUS"
1756843,03-JUN-15,290,290,AVANSAS,1-2084/11-06,"JUOZAS IMBRASAS"
1756845,03-JUN-15,290,290,AVANSAS,1-2084/10-06,"AUDRONIS IMBRASAS"
1756849,03-JUN-15,290,290,AVANSAS,1-2084/12-06,"VINCAS JURGUTIS"
1756864,03-JUN-15,290,290,AVANSAS,1-2084/13-06,"JAROSLAV KAMINSKI"
1756867,03-JUN-15,290,290,AVANSAS,1-2084/14-06,"JUSTINA KAŠĖTAITĖ"
1756869,03-JUN-15,290,290,AVANSAS,1-2084/15-06,"ANDRIUS KATINAS"
1756933,03-JUN-15,290,290,AVANSAS,1-2084/16-06,"AUKSĖ KONTRIMIENĖ"
1756941,03-JUN-15,290,290,AVANSAS,1-2084/17-06,"VAIDAS KUKARĖNAS"
1756950,03-JUN-15,290,290,AVANSAS,1-2084/18-06,"DARIUS KUOLYS"
1756991,03-JUN-15,290,290,AVANSAS,1-2084/19-06,"PAULĖ KUZMICKIENĖ"
1757093,03-JUN-15,290,290,AVANSAS,1-2084/20-06,"ARTUR LIUDKOVSKI"
1757105,03-JUN-15,290,290,AVANSAS,1-2084/21-06,"MYKOLAS MAJAUSKAS"
1757108,03-JUN-15,290,290,AVANSAS,1-2084/22-06,"ZBIGNIEV MACIEJEVSKI"
1757115,03-JUN-15,290,290,AVANSAS,1-2084/23-06,"AUŠRA MALDEIKIENĖ"
1757121,03-JUN-15,290,290,AVANSAS,1-2084/24-06,"VIDMANTAS MARTIKONIS"
1757140,03-JUN-15,290,290,AVANSAS,1-2084/25-06,"VYTAUTAS MITALAS"
1757149,03-JUN-15,290,290,AVANSAS,1-2084/26-06,"MIROSLAVAS MONKEVIČIUS"
1757158,03-JUN-15,290,290,AVANSAS,1-2084/27-06,"RAFAEL MUKSINOV"
1757168,03-JUN-15,184.67,184.67,AVANSAS,1-2084/28-06,"KĘSTUTIS NĖNIUS"
1757178,03-JUN-15,290,290,AVANSAS,1-2084/29-06,"JUOZAS OLEKAS"
1757186,03-JUN-15,290,290,AVANSAS,1-2084/30-06,"VIOLETA PODOLSKAITĖ"
1757192,03-JUN-15,290,290,AVANSAS,1-2084/31-06,"ROMUALDA POŠEVECKAJA"
1757203,03-JUN-15,290,290,AVANSAS,1-2084/32-06,"GEDIMINAS RUDŽIONIS"
1757212,03-JUN-15,290,290,AVANSAS,1-2084/33-06,"GŽEGOŽ SAKSON"
1757215,03-JUN-15,290,290,AVANSAS,1-2084/34-06,"ARVYDAS SEKMOKAS"
1757221,03-JUN-15,290,290,AVANSAS,1-2084/35-06,"MARIUS SKARUPSKAS"
1757224,03-JUN-15,290,290,AVANSAS,1-2084/36-06,"ŠARŪNAS SKUČAS"
1757227,03-JUN-15,290,290,AVANSAS,1-2084/37-06,"GEDIMINAS STORPIRŠTIS"
1757230,03-JUN-15,290,290,AVANSAS,1-2084/38-06,"LIUTAURAS STOŠKUS"
1757264,03-JUN-15,290,290,AVANSAS,1-2084/39-06,"ARŪNAS ŠIKŠTA"
1757267,03-JUN-15,290,290,AVANSAS,1-2084/40-06,"ŽILVINAS ŠILGALIS"
1757270,03-JUN-15,290,290,AVANSAS,1-2084/41-06,"EDITA ŠIŠKO"
1757273,03-JUN-15,290,290,AVANSAS,1-2084/42-06,"ALDONA ŠVENTICKIENĖ"
1757275,03-JUN-15,290,290,AVANSAS,1-2084/43-06,"GEDIMINAS ŠVILPA"
1757277,03-JUN-15,290,290,AVANSAS,1-2084/44-06,"EDITA TAMOŠIŪNAITĖ"
1757279,03-JUN-15,290,290,AVANSAS,1-2084/45-06,"SKIRMANTAS TUMELIS"
1757281,03-JUN-15,290,290,AVANSAS,1-2084/46-06,"VIDAS URBONAVIČIUS"
1757284,03-JUN-15,86.66,86.66,AVANSAS,1-2084/48-06,"VALDAS BENKUNSKAS"
1757327,03-JUN-15,290,290,AVANSAS,1-2084/47-06,"ARTŪRAS ZUOKAS"
1757718,01-JUN-15,95,95,AVANSAS,24-19,"VIOLETA PODOLSKAITĖ"
1767631,16-JUN-15,117.69,117.69,AVANSAS,1-2084/49-05,"LINAS KVEDARAVIČIUS"
1767647,15-JUN-15,290,290,AVANSAS,40-145/3,"VALDAS BENKUNSKAS"
1767656,15-JUN-15,290,290,AVANSAS,40-145/4,"GINTAUTAS PALUCKAS"
1771526,17-JUN-15,143.5,143.5,AVANSAS,24-21,"RITA BALČIŪNIENĖ"
1774837,23-JUN-15,396.93,396.93,AVANSAS,1-2084/48-06.1,"VALDAS BENKUNSKAS"
1781666,07-JUL-15,290,290,AVANSAS,1-2084/2-07,"AUŠRINĖ ARMONAITĖ"
1781669,07-JUL-15,286.66,286.66,AVANSAS,1-2084/3-07,"RITA BALČIŪNIENĖ"
1781677,07-JUL-15,283.58,283.58,AVANSAS,1-2084/4-07,"ADOMAS BUŽINSKAS"
1781684,07-JUL-15,279.45,279.45,AVANSAS,1-2084/5-07,"RENATA CYTACKA"
1781687,07-JUL-15,290,290,AVANSAS,1-2084/6-07,"ALGIS ČAPLIKAS"
1781692,07-JUL-15,290,290,AVANSAS,1-2084/11-07,"JUOZAS IMBRASAS"
1781699,07-JUL-15,258.27,258.27,AVANSAS,1-2084/13-07,"JAROSLAV KAMINSKI"
1781702,07-JUL-15,290,290,AVANSAS,1-2084/14-07,"JUSTINA KAŠĖTAITĖ"
1781706,07-JUL-15,290,290,AVANSAS,1-2084/15-07,"ANDRIUS KATINAS"
1781710,07-JUL-15,290,290,AVANSAS,1-2084/20-07,"ARTUR LIUDKOVSKI"
1781714,07-JUL-15,290,290,AVANSAS,1-2084/21-07,"MYKOLAS MAJAUSKAS"
1781727,07-JUL-15,273.39,273.39,AVANSAS,1-2084/22-07,"ZBIGNIEV MACIEJEVSKI"
1781733,07-JUL-15,290,290,AVANSAS,1-2084/23-07,"AUŠRA MALDEIKIENĖ"
1781790,07-JUL-15,48.08,48.08,AVANSAS,1-2084/27-07,"RAFAEL MUKSINOV"
1781791,07-JUL-15,231.52,231.52,AVANSAS,1-2084/28-07,"KĘSTUTIS NĖNIUS"
1781792,07-JUL-15,290,290,AVANSAS,1-2084/29-07,"JUOZAS OLEKAS"
1781793,07-JUL-15,290,290,AVANSAS,1-2084/30-07,"VIOLETA PODOLSKAITĖ"
1781794,07-JUL-15,290,290,AVANSAS,1-2084/31-07,"ROMUALDA POŠEVECKAJA"
1781795,07-JUL-15,290,290,AVANSAS,1-2084/32-07,"GEDIMINAS RUDŽIONIS"
1781796,07-JUL-15,281.23,281.23,AVANSAS,1-2084/33-07,"GŽEGOŽ SAKSON"
1781797,07-JUL-15,114.4,114.4,AVANSAS,1-2084/34-07,"ARVYDAS SEKMOKAS"
1781798,07-JUL-15,290,290,AVANSAS,1-2084/37-07,"GEDIMINAS STORPIRŠTIS"
1781799,07-JUL-15,290,290,AVANSAS,1-2084/39-07,"ARŪNAS ŠIKŠTA"
1781800,07-JUL-15,290,290,AVANSAS,1-2084/41-07,"EDITA ŠIŠKO"
1781801,07-JUL-15,290,290,AVANSAS,1-2084/42-07,"ALDONA ŠVENTICKIENĖ"
1781802,07-JUL-15,290,290,AVANSAS,1-2084/43-07,"GEDIMINAS ŠVILPA"
1781803,07-JUL-15,44.33,44.33,AVANSAS,1-2084/47-07,"ARTŪRAS ZUOKAS"
1788726,30-JUN-15,48.55,48.55,AVANSAS,1-2084/48-06.2,"VALDAS BENKUNSKAS"
1788727,30-JUN-15,161.37,161.37,AVANSAS,1-2084/49-06,"LINAS KVEDARAVIČIUS"
1788728,08-JUL-15,280.98,280.98,AVANSAS,1-2084/17-07,"VAIDAS KUKARĖNAS"
1788729,02-JUL-15,7.75,7.75,AVANSAS,"MAX 600150001501","REMIGIJUS ŠIMAŠIUS"
1788731,01-JUL-15,101.1,101.1,AVANSAS,LVS-00000759,"VALDAS BENKUNSKAS"
1788732,09-JUL-15,290,290,AVANSAS,1-2084/40-07,"ŽILVINAS ŠILGALIS"
1788733,09-JUL-15,249.03,249.03,AVANSAS,1-2084/24-07,"VIDMANTAS MARTIKONIS"
1788734,10-JUL-15,290,290,AVANSAS,1-2084/19-07,"PAULĖ KUZMICKIENĖ"
1788735,13-JUL-15,290,290,AVANSAS,1-2084/44-07,"EDITA TAMOŠIŪNAITĖ"
1788736,13-JUL-15,99.43,99.43,AVANSAS,1-2084/25-07,"VYTAUTAS MITALAS"
1790980,15-JUL-15,290,290,AVANSAS,1-2084/7-07,"DMITRIJ GNEUŠEV"
1790985,15-JUL-15,290,290,AVANSAS,1-2084/26-07,"MIROSLAVAS MONKEVIČIUS"
1790991,15-JUL-15,206.23,206.23,AVANSAS,1-2084/36-07,"ŠARŪNAS SKUČAS"
1790995,15-JUL-15,85.35,85.35,AVANSAS,1-2084/46-07,"VIDAS URBONAVIČIUS"
1792438,22-JUL-15,290,290,AVANSAS,1-2084/2-08,"AUŠRINĖ ARMONAITĖ"
1792447,22-JUL-15,290,290,AVANSAS,1-2084/3-08,"RITA BALČIŪNIENĖ"
1792457,22-JUL-15,290,290,AVANSAS,1-2084/4-08,"ADOMAS BUŽINSKAS"
1792464,22-JUL-15,290,290,AVANSAS,1-2084/5-08,"RENATA CYTACKA"
1792472,22-JUL-15,290,290,AVANSAS,1-2084/6-08,"ALGIS ČAPLIKAS"
1792480,22-JUL-15,290,290,AVANSAS,1-2084/7-08,"DMITRIJ GNEUŠEV"
1792490,22-JUL-15,290,290,AVANSAS,1-2084/11-08,"JUOZAS IMBRASAS"
1792497,22-JUL-15,290,290,AVANSAS,1-2084/12-08,"VINCAS JURGUTIS"
1792503,22-JUL-15,290,290,AVANSAS,1-2084/13-08,"JAROSLAV KAMINSKI"
1792510,22-JUL-15,290,290,AVANSAS,1-2084/14-08,"JUSTINA KAŠĖTAITĖ"
1792518,22-JUL-15,290,290,AVANSAS,1-2084/15-08,"ANDRIUS KATINAS"
1792526,22-JUL-15,290,290,AVANSAS,1-2084/17-08,"VAIDAS KUKARĖNAS"
1792533,22-JUL-15,290,290,AVANSAS,1-2084/19-08,"PAULĖ KUZMICKIENĖ"
1792541,22-JUL-15,290,290,AVANSAS,1-2084/20-08,"ARTUR LIUDKOVSKI"
1792549,22-JUL-15,290,290,AVANSAS,1-2084/21-08,"MYKOLAS MAJAUSKAS"
1792555,22-JUL-15,290,290,AVANSAS,1-2084/22-08,"ZBIGNIEV MACIEJEVSKI"
1792604,22-JUL-15,290,290,AVANSAS,1-2084/23-08,"AUŠRA MALDEIKIENĖ"
1792608,22-JUL-15,290,290,AVANSAS,1-2084/24-08,"VIDMANTAS MARTIKONIS"
1792615,22-JUL-15,290,290,AVANSAS,1-2084/25-08,"VYTAUTAS MITALAS"
1792625,22-JUL-15,290,290,AVANSAS,1-2084/26-08,"MIROSLAVAS MONKEVIČIUS"
1792634,22-JUL-15,290,290,AVANSAS,1-2084/27-08,"RAFAEL MUKSINOV"
1792639,22-JUL-15,290,290,AVANSAS,1-2084/28-08,"KĘSTUTIS NĖNIUS"
1792649,22-JUL-15,290,290,AVANSAS,1-2084/29-08,"JUOZAS OLEKAS"
1792654,22-JUL-15,290,290,AVANSAS,1-2084/30-08,"VIOLETA PODOLSKAITĖ"
1792658,22-JUL-15,290,290,AVANSAS,1-2084/31-08,"ROMUALDA POŠEVECKAJA"
1792660,22-JUL-15,290,290,AVANSAS,1-2084/32-08,"GEDIMINAS RUDŽIONIS"
1792663,22-JUL-15,290,290,AVANSAS,1-2084/33-08,"GŽEGOŽ SAKSON"
1792712,22-JUL-15,290,290,AVANSAS,1-2084/34-08,"ARVYDAS SEKMOKAS"
1792713,22-JUL-15,290,290,AVANSAS,1-2084/35-08,"MARIUS SKARUPSKAS"
1792730,22-JUL-15,290,290,AVANSAS,1-2084/36-08,"ŠARŪNAS SKUČAS"
1792731,22-JUL-15,290,290,AVANSAS,1-2084/37-08,"GEDIMINAS STORPIRŠTIS"
1792732,22-JUL-15,290,290,AVANSAS,1-2084/38-08,"LIUTAURAS STOŠKUS"
1792733,22-JUL-15,290,290,AVANSAS,1-2084/39-08,"ARŪNAS ŠIKŠTA"
1792734,22-JUL-15,290,290,AVANSAS,1-2084/40-08,"ŽILVINAS ŠILGALIS"
1792735,22-JUL-15,290,290,AVANSAS,1-2084/41-08,"EDITA ŠIŠKO"
1792777,22-JUL-15,290,290,AVANSAS,1-2084/42-08,"ALDONA ŠVENTICKIENĖ"
1792781,22-JUL-15,290,290,AVANSAS,1-2084/43-08,"GEDIMINAS ŠVILPA"
1792784,22-JUL-15,290,290,AVANSAS,1-2084/44-08,"EDITA TAMOŠIŪNAITĖ"
1792789,22-JUL-15,290,290,AVANSAS,1-2084/46-08,"VIDAS URBONAVIČIUS"
1792795,22-JUL-15,290,290,AVANSAS,1-2084/47-08,"ARTŪRAS ZUOKAS"
1807887,10-AUG-15,138.24,138.24,AVANSAS,1-2084/48-07,"VALDAS BENKUNSKAS"
1807888,10-AUG-15,85.79,85.79,AVANSAS,1-2084/49-07,"LINAS KVEDARAVIČIUS"
1819500,28-AUG-15,133,133,AVANSAS,24-22/1,"JAROSLAV KAMINSKI"
1819505,28-AUG-15,133,133,AVANSAS,24-22/2,"VYTAUTAS MITALAS"
1819509,28-AUG-15,133,133,AVANSAS,24-22/3,"VIOLETA PODOLSKAITĖ"
1823416,03-SEP-15,225.91,225.91,AVANSAS,1-2084/1-09,"RIMAS ANDRIKIS"
1823420,03-SEP-15,312.91,312.91,AVANSAS,1-2084/2-09,"AUŠRINĖ ARMONAITĖ"
1823422,03-SEP-15,312.91,312.91,AVANSAS,1-2084/3-09,"RITA BALČIŪNIENĖ"
1823423,03-SEP-15,312.91,312.91,AVANSAS,1-2084/4-09,"ADOMAS BUŽINSKAS"
1823424,03-SEP-15,312.91,312.91,AVANSAS,1-2084/5-09,"RENATA CYTACKA"
1823426,03-SEP-15,312.91,312.91,AVANSAS,1-2084/6-09,"ALGIS ČAPLIKAS"
1823427,03-SEP-15,312.91,312.91,AVANSAS,1-2084/7-09,"DMITRIJ GNEUŠEV"
1823428,03-SEP-15,225.91,225.91,AVANSAS,1-2084/8-09,"MARK ADAM HAROLD"
1823429,03-SEP-15,334.38,334.38,AVANSAS,1-2084/9-09,"VAIDOTAS ILGIUS"
1823430,03-SEP-15,302.46,302.46,AVANSAS,1-2084/10-09,"AUDRONIS IMBRASAS"
1823432,03-SEP-15,312.91,312.91,AVANSAS,1-2084/11-09,"JUOZAS IMBRASAS"
1823888,03-SEP-15,279.21,279.21,AVANSAS,1-2084/12-09,"VINCAS JURGUTIS"
1823890,03-SEP-15,312.91,312.91,AVANSAS,1-2084/13-09,"JAROSLAV KAMINSKI"
1823891,03-SEP-15,312.91,312.91,AVANSAS,1-2084/14-09,"JUSTINA KAŠĖTAITĖ"
1823892,03-SEP-15,312.91,312.91,AVANSAS,1-2084/15-09,"ANDRIUS KATINAS"
1823893,03-SEP-15,388.09,388.09,AVANSAS,1-2084/16-09,"AUKSĖ KONTRIMIENĖ"
1823894,03-SEP-15,312.91,312.91,AVANSAS,1-2084/17-09,"VAIDAS KUKARĖNAS"
1823895,03-SEP-15,225.91,225.91,AVANSAS,1-2084/18-09,"DARIUS KUOLYS"
1823897,03-SEP-15,312.91,312.91,AVANSAS,1-2084/19-09,"PAULĖ KUZMICKIENĖ"
1823900,03-SEP-15,312.91,312.91,AVANSAS,1-2084/20-09,"ARTUR LIUDKOVSKI"
1823903,03-SEP-15,312.91,312.91,AVANSAS,1-2084/21-09,"MYKOLAS MAJAUSKAS"
1823927,03-SEP-15,312.91,312.91,AVANSAS,1-2084/22-09,"ZBIGNIEV MACIEJEVSKI"
1823940,03-SEP-15,312.91,312.91,AVANSAS,1-2084/23-09,"AUŠRA MALDEIKIENĖ"
1824104,03-SEP-15,312.91,312.91,AVANSAS,1-2084/24-09,"VIDMANTAS MARTIKONIS"
1824108,03-SEP-15,312.91,312.91,AVANSAS,1-2084/25-09,"VYTAUTAS MITALAS"
1824113,03-SEP-15,312.91,312.91,AVANSAS,1-2084/26-09,"MIROSLAVAS MONKEVIČIUS"
1824152,03-SEP-15,312.91,312.91,AVANSAS,1-2084/27-09,"RAFAEL MUKSINOV"
1824156,03-SEP-15,312.91,312.91,AVANSAS,1-2084/28-09,"KĘSTUTIS NĖNIUS"
1824205,03-SEP-15,312.91,312.91,AVANSAS,1-2084/29-09,"JUOZAS OLEKAS"
1824214,03-SEP-15,312.91,312.91,AVANSAS,1-2084/30-09,"VIOLETA PODOLSKAITĖ"
1824227,03-SEP-15,312.91,312.91,AVANSAS,1-2084/31-09,"ROMUALDA POŠEVECKAJA"
1824231,03-SEP-15,312.91,312.91,AVANSAS,1-2084/32-09,"GEDIMINAS RUDŽIONIS"
1824241,03-SEP-15,312.91,312.91,AVANSAS,1-2084/33-09,"GŽEGOŽ SAKSON"
1824246,03-SEP-15,312.91,312.91,AVANSAS,1-2084/34-09,"ARVYDAS SEKMOKAS"
1824250,03-SEP-15,253.67,253.67,AVANSAS,1-2084/35-09,"MARIUS SKARUPSKAS"
1824253,03-SEP-15,312.91,312.91,AVANSAS,1-2084/36-09,"ŠARŪNAS SKUČAS"
1824263,03-SEP-15,312.91,312.91,AVANSAS,1-2084/37-09,"GEDIMINAS STORPIRŠTIS"
1824266,03-SEP-15,249.55,249.55,AVANSAS,1-2084/38-09,"LIUTAURAS STOŠKUS"
1824270,03-SEP-15,312.91,312.91,AVANSAS,1-2084/39-09,"ARŪNAS ŠIKŠTA"
1824273,03-SEP-15,312.91,312.91,AVANSAS,1-2084/40-09,"ŽILVINAS ŠILGALIS"
1824276,03-SEP-15,312.91,312.91,AVANSAS,1-2084/41-09,"EDITA ŠIŠKO"
1824302,03-SEP-15,312.91,312.91,AVANSAS,1-2084/42-09,"ALDONA ŠVENTICKIENĖ"
1824315,03-SEP-15,312.91,312.91,AVANSAS,1-2084/43-09,"GEDIMINAS ŠVILPA"
1824320,03-SEP-15,312.91,312.91,AVANSAS,1-2084/44-09,"EDITA TAMOŠIŪNAITĖ"
1824328,03-SEP-15,330.51,330.51,AVANSAS,1-2084/45-09,"SKIRMANTAS TUMELIS"
1824334,03-SEP-15,312.91,312.91,AVANSAS,1-2084/46-09,"VIDAS URBONAVIČIUS"
1824340,03-SEP-15,312.91,312.91,AVANSAS,1-2084/47-09,"ARTŪRAS ZUOKAS"
1824344,03-SEP-15,364.01,364.01,AVANSAS,1-2084/48-09,"VALDAS BENKUNSKAS"
1824352,03-SEP-15,106.66,106.66,AVANSAS,1-2084/49-09,"LINAS KVEDARAVIČIUS"
1832996,15-JUL-15,6,6,AVANSAS,"SHIEU 00009674","REMIGIJUS ŠIMAŠIUS"
1833004,15-JUL-15,6.5,6.5,AVANSAS,"SHIEU 00009673","REMIGIJUS ŠIMAŠIUS"
1833011,17-JUL-15,21.71,21.71,AVANSAS,"KVE 0001895","REMIGIJUS ŠIMAŠIUS"
1839955,13-JUL-15,35,35,AVANSAS,"GF 678","VALDAS BENKUNSKAS"
1840131,20-AUG-15,76.76,76.76,AVANSAS,"INT 4646","VALDAS BENKUNSKAS"
1844782,28-SEP-15,78,78,AVANSAS,24-25,"GINTAUTAS PALUCKAS"
1848283,22-SEP-15,2.76,2.76,AVANSAS,"MAX 600150003068","REMIGIJUS ŠIMAŠIUS"
1850685,28-SEP-15,300.5,300.5,AVANSAS,24-26,"REMIGIJUS ŠIMAŠIUS"
1852473,07-OCT-15,17.59,17.59,AVANSAS,1-2084/2-10,"AUŠRINĖ ARMONAITĖ"
1852483,07-OCT-15,300,300,AVANSAS,1-2084/3-10,"RITA BALČIŪNIENĖ"
1852488,07-OCT-15,300,300,AVANSAS,1-2084/4-10,"ADOMAS BUŽINSKAS"
1852494,07-OCT-15,300,300,AVANSAS,1-2084/5-10,"RENATA CYTACKA"
1852499,07-OCT-15,83.28,83.28,AVANSAS,1-2084/6-10,"ALGIS ČAPLIKAS"
1852504,07-OCT-15,300,300,AVANSAS,1-2084/11-10,"JUOZAS IMBRASAS"
1852508,07-OCT-15,185.83,185.83,AVANSAS,1-2084/13-10,"JAROSLAV KAMINSKI"
1852519,07-OCT-15,300,300,AVANSAS,1-2084/15-10,"ANDRIUS KATINAS"
1852526,07-OCT-15,300,300,AVANSAS,1-2084/20-10,"ARTUR LIUDKOVSKI"
1852532,07-OCT-15,300,300,AVANSAS,1-2084/24-10,"VIDMANTAS MARTIKONIS"
1852536,07-OCT-15,297.93,297.93,AVANSAS,1-2084/25-10,"VYTAUTAS MITALAS"
1852541,07-OCT-15,300,300,AVANSAS,1-2084/30-10,"VIOLETA PODOLSKAITĖ"
1852547,07-OCT-15,300,300,AVANSAS,1-2084/32-10,"GEDIMINAS RUDŽIONIS"
1852552,07-OCT-15,300,300,AVANSAS,1-2084/33-10,"GŽEGOŽ SAKSON"
1852556,07-OCT-15,300,300,AVANSAS,1-2084/34-10,"ARVYDAS SEKMOKAS"
1852562,07-OCT-15,300,300,AVANSAS,1-2084/40-10,"ŽILVINAS ŠILGALIS"
1852567,07-OCT-15,299,299,AVANSAS,1-2084/42-10,"ALDONA ŠVENTICKIENĖ"
1852572,07-OCT-15,67.17,67.17,AVANSAS,1-2084/47-10,"ARTŪRAS ZUOKAS"
1852575,07-OCT-15,390.66,390.66,AVANSAS,1-2084/48-10,"VALDAS BENKUNSKAS"
1852581,07-OCT-15,149.96,149.96,AVANSAS,1-2084/49-10,"LINAS KVEDARAVIČIUS"
1857660,08-SEP-15,300,300,AVANSAS,1-2084/44-10,"EDITA TAMOŠIŪNAITĖ"
1857668,08-SEP-15,300,300,AVANSAS,1-2084/22-10,"ZBIGNIEV MACIEJEVSKI"
1857679,08-SEP-15,300,300,AVANSAS,1-2084/19-10,"PAULĖ KUZMICKIENĖ"
1857687,08-SEP-15,276.36,276.36,AVANSAS,1-2084/41-10,"EDITA ŠIŠKO"
1857694,08-SEP-15,300,300,AVANSAS,1-2084/29-10,"JUOZAS OLEKAS"
1857707,08-SEP-15,300,300,AVANSAS,1-2084/36-10,"ŠARŪNAS SKUČAS"
1857722,08-SEP-15,230.97,230.97,AVANSAS,1-2084/26-10,"MIROSLAVAS MONKEVIČIUS"
1857742,08-SEP-15,227.35,227.35,AVANSAS,1-2084/43-10,"GEDIMINAS ŠVILPA"
1857843,25-SEP-15,12.67,12.67,AVANSAS,"MAX 200150002700","REMIGIJUS ŠIMAŠIUS"
1857850,01-OCT-15,23.06,23.06,AVANSAS,"LMR 0063670","REMIGIJUS ŠIMAŠIUS"
1857858,02-OCT-15,19.58,19.58,AVANSAS,"LMR 0063691","REMIGIJUS ŠIMAŠIUS"
1859809,28-AUG-15,7.08,7.08,AVANSAS,24-22/1.1,"JAROSLAV KAMINSKI"
1859964,09-OCT-15,300,300,AVANSAS,1-2084/14-10,"JUSTINA KAŠĖTAITĖ"
1859978,12-OCT-15,300,300,AVANSAS,1-2084/37-10,"GEDIMINAS STORPIRŠTIS"
1859983,12-OCT-15,214.09,214.09,AVANSAS,1-2084/23-10,"AUŠRA MALDEIKIENĖ"
1859993,12-OCT-15,300,300,AVANSAS,1-2084/21-10,"MYKOLAS MAJAUSKAS"
1860001,12-OCT-15,264.98,264.98,AVANSAS,1-2084/28-10,"KĘSTUTIS NĖNIUS"
1860006,12-OCT-15,300,300,AVANSAS,1-2084/46-10,"VIDAS URBONAVIČIUS"
1860013,12-OCT-15,73.81,73.81,AVANSAS,1-2084/31-10,"ROMUALDA POŠEVECKAJA"
1860024,12-OCT-15,300,300,AVANSAS,1-2084/17-10,"VAIDAS KUKARĖNAS"
1860028,12-OCT-15,300,300,AVANSAS,1-2084/35-10,"MARIUS SKARUPSKAS"
1860034,12-OCT-15,64.87,64.87,AVANSAS,1-2084/9-10,"VAIDOTAS ILGIUS"
1866032,19-OCT-15,300,300,AVANSAS,1-2084/7-10,"DMITRIJ GNEUŠEV"
1867337,02-OCT-15,46.7,46.7,AVANSAS,KEUL-15/055,"REMIGIJUS ŠIMAŠIUS"
1872397,26-OCT-15,118.33,118.33,AVANSAS,1-2084/48-10.1,"VALDAS BENKUNSKAS"
1872403,28-SEP-15,7,7,AVANSAS,24-26.1,"REMIGIJUS ŠIMAŠIUS"
1872416,21-OCT-15,38.27,38.27,AVANSAS,11189,"REMIGIJUS ŠIMAŠIUS"
1877515,05-NOV-15,300,300,AVANSAS,1-2084/2-11,"AUŠRINĖ ARMONAITĖ"
1877521,05-NOV-15,300,300,AVANSAS,1-2084/3-11,"RITA BALČIŪNIENĖ"
1877529,05-NOV-15,300,300,AVANSAS,1-2084/4-11,"ADOMAS BUŽINSKAS"
1877543,05-NOV-15,300,300,AVANSAS,1-2084/5-11,"RENATA CYTACKA"
1877644,05-NOV-15,300,300,AVANSAS,1-2084/6-11,"ALGIS ČAPLIKAS"
1877662,05-NOV-15,300,300,AVANSAS,1-2084/7-11,"DMITRIJ GNEUŠEV"
1877667,05-NOV-15,300,300,AVANSAS,1-2084/9-11,"VAIDOTAS ILGIUS"
1877672,05-NOV-15,300,300,AVANSAS,1-2084/11-11,"JUOZAS IMBRASAS"
1877680,05-NOV-15,300,300,AVANSAS,1-2084/13-11,"JAROSLAV KAMINSKI"
1877691,05-NOV-15,300,300,AVANSAS,1-2084/14-11,"JUSTINA KAŠĖTAITĖ"
1877705,05-NOV-15,300,300,AVANSAS,1-2084/15-11,"ANDRIUS KATINAS"
1877713,05-NOV-15,300,300,AVANSAS,1-2084/17-11,"VAIDAS KUKARĖNAS"
1877718,05-NOV-15,300,300,AVANSAS,1-2084/19-11,"PAULĖ KUZMICKIENĖ"
1877720,05-NOV-15,300,300,AVANSAS,1-2084/20-11,"ARTUR LIUDKOVSKI"
1877743,05-NOV-15,300,300,AVANSAS,1-2084/21-11,"MYKOLAS MAJAUSKAS"
1877745,05-NOV-15,300,300,AVANSAS,1-2084/22-11,"ZBIGNIEV MACIEJEVSKI"
1877758,05-NOV-15,300,300,AVANSAS,1-2084/23-11,"AUŠRA MALDEIKIENĖ"
1877764,05-NOV-15,300,300,AVANSAS,1-2084/24-11,"VIDMANTAS MARTIKONIS"
1877781,05-NOV-15,300,300,AVANSAS,1-2084/25-11,"VYTAUTAS MITALAS"
1877823,05-NOV-15,300,300,AVANSAS,1-2084/26-11,"MIROSLAVAS MONKEVIČIUS"
1877826,05-NOV-15,300,300,AVANSAS,1-2084/27-11,"RAFAEL MUKSINOV"
1877831,05-NOV-15,300,300,AVANSAS,1-2084/28-11,"KĘSTUTIS NĖNIUS"
1877841,05-NOV-15,300,300,AVANSAS,1-2084/29-11,"JUOZAS OLEKAS"
1877845,05-NOV-15,300,300,AVANSAS,1-2084/30-11,"VIOLETA PODOLSKAITĖ"
1877848,05-NOV-15,300,300,AVANSAS,1-2084/31-11,"ROMUALDA POŠEVECKAJA"
1877850,05-NOV-15,300,300,AVANSAS,1-2084/32-11,"GEDIMINAS RUDŽIONIS"
1877854,05-NOV-15,300,300,AVANSAS,1-2084/33-11,"GŽEGOŽ SAKSON"
1877859,05-NOV-15,300,300,AVANSAS,1-2084/34-11,"ARVYDAS SEKMOKAS"
1877861,05-NOV-15,300,300,AVANSAS,1-2084/35-11,"MARIUS SKARUPSKAS"
1877863,05-NOV-15,300,300,AVANSAS,1-2084/36-11,"ŠARŪNAS SKUČAS"
1877865,05-NOV-15,300,300,AVANSAS,1-2084/37-11,"GEDIMINAS STORPIRŠTIS"
1877866,05-NOV-15,300,300,AVANSAS,1-2084/38-11,"LIUTAURAS STOŠKUS"
1877867,05-NOV-15,300,300,AVANSAS,1-2084/40-11,"ŽILVINAS ŠILGALIS"
1877869,05-NOV-15,300,300,AVANSAS,1-2084/41-11,"EDITA ŠIŠKO"
1877870,05-NOV-15,300,300,AVANSAS,1-2084/42-11,"ALDONA ŠVENTICKIENĖ"
1877872,05-NOV-15,300,300,AVANSAS,1-2084/43-11,"GEDIMINAS ŠVILPA"
1877873,05-NOV-15,300,300,AVANSAS,1-2084/44-11,"EDITA TAMOŠIŪNAITĖ"
1877874,05-NOV-15,300,300,AVANSAS,1-2084/46-11,"VIDAS URBONAVIČIUS"
1877875,05-NOV-15,300,300,AVANSAS,1-2084/47-11,"ARTŪRAS ZUOKAS"
1877876,05-NOV-15,53.4,53.4,AVANSAS,1-2084/49-11,"LINAS KVEDARAVIČIUS"
1879277,27-OCT-15,167.97,167.97,AVANSAS,"DP1.9 168","REMIGIJUS ŠIMAŠIUS"
1880638,27-OCT-15,52.84,52.84,AVANSAS,BRBH631000060480,"REMIGIJUS ŠIMAŠIUS"
1883329,06-NOV-15,57,57,AVANSAS,24-40/1,"REMIGIJUS ŠIMAŠIUS"
1892872,09-NOV-15,26.14,26.14,AVANSAS,KVE00002047,"REMIGIJUS ŠIMAŠIUS"
1892888,10-NOV-15,20.59,20.59,AVANSAS,KVE00002051,"REMIGIJUS ŠIMAŠIUS"
1900514,12-NOV-15,8.2,8.2,AVANSAS,KVE00002053,"REMIGIJUS ŠIMAŠIUS"
1900526,15-OCT-15,172.6,172.6,AVANSAS,"SM-15-31 519","VALDAS BENKUNSKAS"
1900543,20-NOV-15,31.61,31.61,AVANSAS,"ČPI 39337","LINAS KVEDARAVIČIUS"
1917271,04-DEC-15,7.09,7.09,AVANSAS,1-2084/2-12,"RIMAS ANDRIKIS"
1917291,04-DEC-15,300,300,AVANSAS,1-2084/3-12,"AUŠRINĖ ARMONAITĖ"
1917302,04-DEC-15,300,300,AVANSAS,1-2084/4-12,"RITA BALČIŪNIENĖ"
1917316,04-DEC-15,300,300,AVANSAS,1-2084/5-12,"ADOMAS BUŽINSKAS"
1917330,04-DEC-15,300,300,AVANSAS,1-2084/6-12,"RENATA CYTACKA"
1917339,04-DEC-15,300,300,AVANSAS,1-2084/7-12,"ALGIS ČAPLIKAS"
1917772,04-DEC-15,300,300,AVANSAS,1-2084/8-12,"DMITRIJ GNEUŠEV"
1917785,04-DEC-15,7.09,7.09,AVANSAS,1-2084/9-12,"MARK ADAM HAROLD"
1917793,04-DEC-15,300,300,AVANSAS,1-2084/10-12,"VAIDOTAS ILGIUS"
1917809,04-DEC-15,21.09,21.09,AVANSAS,1-2084/11-12,"AUDRONIS IMBRASAS"
1917820,04-DEC-15,300,300,AVANSAS,1-2084/12-12,"JUOZAS IMBRASAS"
1917830,04-DEC-15,248.56,248.56,AVANSAS,1-2084/13-12,"VINCAS JURGUTIS"
1917848,04-DEC-15,300,300,AVANSAS,1-2084/14-12,"JAROSLAV KAMINSKI"
1917858,04-DEC-15,300,300,AVANSAS,1-2084/15-12,"JUSTINA KAŠĖTAITĖ"
1917872,04-DEC-15,300,300,AVANSAS,1-2084/16-12,"ANDRIUS KATINAS"
1917892,04-DEC-15,271.47,271.47,AVANSAS,1-2084/17-12,"AUKSĖ KONTRIMIENĖ"
1917904,04-DEC-15,300,300,AVANSAS,1-2084/18-12,"VAIDAS KUKARĖNAS"
1917930,04-DEC-15,7.09,7.09,AVANSAS,1-2084/19-12,"DARIUS KUOLYS"
1917943,04-DEC-15,300,300,AVANSAS,1-2084/20-12,"PAULĖ KUZMICKIENĖ"
1918005,04-DEC-15,300,300,AVANSAS,1-2084/21-12,"ARTUR LIUDKOVSKI"
1918064,04-DEC-15,300,300,AVANSAS,1-2084/22-12,"MYKOLAS MAJAUSKAS"
1918079,04-DEC-15,300,300,AVANSAS,1-2084/23-12,"ZBIGNIEV MACIEJEVSKI"
1918093,04-DEC-15,300,300,AVANSAS,1-2084/24-12,"AUŠRA MALDEIKIENĖ"
1918109,04-DEC-15,300,300,AVANSAS,1-2084/25-12,"VIDMANTAS MARTIKONIS"
1918124,04-DEC-15,300,300,AVANSAS,1-2084/26-12,"VYTAUTAS MITALAS"
1918147,04-DEC-15,300,300,AVANSAS,1-2084/27-12,"MIROSLAVAS MONKEVIČIUS"
1918184,04-DEC-15,279.95,279.95,AVANSAS,1-2084/28-12,"RAFAEL MUKSINOV"
1918198,04-DEC-15,300,300,AVANSAS,1-2084/29-12,"KĘSTUTIS NĖNIUS"
1918213,04-DEC-15,300,300,AVANSAS,1-2084/30-12,"JUOZAS OLEKAS"
1918234,04-DEC-15,300,300,AVANSAS,1-2084/31-12,"VIOLETA PODOLSKAITĖ"
1918245,04-DEC-15,300,300,AVANSAS,1-2084/32-12,"ROMUALDA POŠEVECKAJA"
1918257,04-DEC-15,300,300,AVANSAS,1-2084/33-12,"GEDIMINAS RUDŽIONIS"
1918267,04-DEC-15,300,300,AVANSAS,1-2084/34-12,"GŽEGOŽ SAKSON"
1918275,04-DEC-15,300,300,AVANSAS,1-2084/35-12,"ARVYDAS SEKMOKAS"
1918290,04-DEC-15,300,300,AVANSAS,1-2084/36-12,"MARIUS SKARUPSKAS"
1918304,04-DEC-15,300,300,AVANSAS,1-2084/37-12,"ŠARŪNAS SKUČAS"
1918321,04-DEC-15,300,300,AVANSAS,1-2084/38-12,"GEDIMINAS STORPIRŠTIS"
1918355,04-DEC-15,245.13,245.13,AVANSAS,1-2084/39-12,"LIUTAURAS STOŠKUS"
1918380,04-DEC-15,300,300,AVANSAS,1-2084/40-12,"ŽILVINAS ŠILGALIS"
1918469,04-DEC-15,300,300,AVANSAS,1-2084/41-12,"EDITA ŠIŠKO"
1918482,04-DEC-15,300,300,AVANSAS,1-2084/42-12,"ALDONA ŠVENTICKIENĖ"
1918503,04-DEC-15,300,300,AVANSAS,1-2084/43-12,"GEDIMINAS ŠVILPA"
1918530,04-DEC-15,300,300,AVANSAS,1-2084/44-12,"EDITA TAMOŠIŪNAITĖ"
1918547,04-DEC-15,93.06,93.06,AVANSAS,1-2084/45-12,"SKIRMANTAS TUMELIS"
1918595,04-DEC-15,300,300,AVANSAS,1-2084/46-12,"VIDAS URBONAVIČIUS"
1918625,04-DEC-15,300,300,AVANSAS,1-2084/47-12,"ARTŪRAS ZUOKAS"
1918646,04-DEC-15,121.93,121.93,AVANSAS,1-2084/48-12,"VALDAS BENKUNSKAS"
1918670,04-DEC-15,130.53,130.53,AVANSAS,1-2084/49-12,"LINAS KVEDARAVIČIUS"
1934929,03-DEC-15,22.11,22.11,AVANSAS,KVE00002081,"REMIGIJUS ŠIMAŠIUS"
1934934,15-DEC-15,43.56,43.56,AVANSAS,"T707 00068342","REMIGIJUS ŠIMAŠIUS"
1934949,13-NOV-15,145.3,145.3,AVANSAS,"INT 5013","VALDAS BENKUNSKAS"
1940999,23-DEC-15,100,100,AVANSAS,"DKP/15 000538","VALDAS BENKUNSKAS"
1941006,21-DEC-15,80.4,80.4,AVANSAS,"LMR 0065760","LINAS KVEDARAVIČIUS"
1941017,21-DEC-15,76.2,76.2,AVANSAS,"LMR 0065759","REMIGIJUS ŠIMAŠIUS"
1946037,07-JAN-16,296.77,296.77,AVANSAS,1-2084/4-01,"RITA BALČIŪNIENĖ"
1946129,07-JAN-16,272.07,272.07,AVANSAS,1-2084/5-01,"ADOMAS BUŽINSKAS"
1946163,07-JAN-16,300,300,AVANSAS,1-2084/6-01,"RENATA CYTACKA"
1946171,07-JAN-16,300,300,AVANSAS,1-2084/7-01,"ALGIS ČAPLIKAS"
1946175,07-JAN-16,300,300,AVANSAS,1-2084/12-01,"JUOZAS IMBRASAS"
1946180,07-JAN-16,130.65,130.65,AVANSAS,1-2084/14-01,"JAROSLAV KAMINSKI"
1946201,07-JAN-16,300,300,AVANSAS,1-2084/16-01,"ANDRIUS KATINAS"
1946211,07-JAN-16,296.5,296.5,AVANSAS,1-2084/17-01,"AUKSĖ KONTRIMIENĖ"
1946244,07-JAN-16,300,300,AVANSAS,1-2084/20-01,"PAULĖ KUZMICKIENĖ"
1946599,07-JAN-16,300,300,AVANSAS,1-2084/21-01,"ARTUR LIUDKOVSKI"
1946608,07-JAN-16,296.07,296.07,AVANSAS,1-2084/23-01,"ZBIGNIEV MACIEJEVSKI"
1946614,07-JAN-16,28.49,28.49,AVANSAS,1-2084/28-01,"RAFAEL MUKSINOV"
1946617,07-JAN-16,300,300,AVANSAS,1-2084/29-01,"KĘSTUTIS NĖNIUS"
1946837,07-JAN-16,300,300,AVANSAS,1-2084/31-01,"VIOLETA PODOLSKAITĖ"
1946841,07-JAN-16,300,300,AVANSAS,1-2084/32-01,"ROMUALDA POŠEVECKAJA"
1946843,07-JAN-16,300,300,AVANSAS,1-2084/33-01,"GEDIMINAS RUDŽIONIS"
1946848,07-JAN-16,300,300,AVANSAS,1-2084/34-01,"GŽEGOŽ SAKSON"
1946851,07-JAN-16,300,300,AVANSAS,1-2084/35-01,"ARVYDAS SEKMOKAS"
1946891,07-JAN-16,109.34,109.34,AVANSAS,1-2084/39-01,"LIUTAURAS STOŠKUS"
1946897,07-JAN-16,300,300,AVANSAS,1-2084/40-01,"ŽILVINAS ŠILGALIS"
1946905,07-JAN-16,300,300,AVANSAS,1-2084/41-01,"EDITA ŠIŠKO"
1946914,07-JAN-16,293.1,293.1,AVANSAS,1-2084/42-01,"ALDONA ŠVENTICKIENĖ"
1946924,07-JAN-16,300,300,AVANSAS,1-2084/43-01,"GEDIMINAS ŠVILPA"
1946935,07-JAN-16,300,300,AVANSAS,1-2084/44-01,"EDITA TAMOŠIŪNAITĖ"
1946937,07-JAN-16,300,300,AVANSAS,1-2084/45-01,"SKIRMANTAS TUMELIS"
1946938,07-JAN-16,49.85,49.85,AVANSAS,1-2084/49-01,"LINAS KVEDARAVIČIUS"
1952180,22-DEC-15,22,22,AVANSAS,K0100966,"REMIGIJUS ŠIMAŠIUS"
1952206,22-DEC-15,22,22,AVANSAS,K0100967,"REMIGIJUS ŠIMAŠIUS"
1952224,08-JAN-16,639.8,639.8,AVANSAS,1-2084/48-01,"VALDAS BENKUNSKAS"
1952231,08-JAN-16,300,300,AVANSAS,1-2084/47-01,"ARTŪRAS ZUOKAS"
1952238,08-JAN-16,104.61,104.61,AVANSAS,1-2084/26-01,"VYTAUTAS MITALAS"
1952248,08-JAN-16,287.7,287.7,AVANSAS,1-2084/27-01,"MIROSLAVAS MONKEVIČIUS"
1952257,18-DEC-15,42,42,AVANSAS,24-59,"VAIDAS KUKARĖNAS"
1960154,22-DEC-15,78.64,78.64,AVANSAS,"DPI.9 236","REMIGIJUS ŠIMAŠIUS"
1960171,13-JAN-16,300,300,AVANSAS,1-2084/22-01,"MYKOLAS MAJAUSKAS"
1960175,13-JAN-16,300,300,AVANSAS,1-2084/18-01,"VAIDAS KUKARĖNAS"
1960179,13-JAN-16,300,300,AVANSAS,1-2084/15-01,"JUSTINA KAŠĖTAITĖ"
1960187,13-JAN-16,300,300,AVANSAS,1-2084/30-01,"JUOZAS OLEKAS"
1960193,13-JAN-16,126.75,126.75,AVANSAS,1-2084/3-01,"AUŠRINĖ ARMONAITĖ"
1960200,13-JAN-16,265.08,265.08,AVANSAS,1-2084/36-01,"MARIUS SKARUPSKAS"
1960206,13-JAN-16,300,300,AVANSAS,1-2084/37-01,"ŠARŪNAS SKUČAS"
1960214,13-JAN-16,300,300,AVANSAS,1-2084/46-01,"VIDAS URBONAVIČIUS"
1963263,18-JAN-16,6.9,6.9,AVANSAS,1-2084/42-01.1,"ALDONA ŠVENTICKIENĖ"
1964971,30-DEC-15,0,,AVANSAS,"PŪS 1172.1","LINAS KVEDARAVIČIUS"
1964973,10-NOV-15,0,,AVANSAS,"DP1.9 230.1","GINTAUTAS PALUCKAS"
1964979,21-DEC-15,0,,AVANSAS,"MAX 600150005055.1","VALDAS BENKUNSKAS"
1964980,08-JAN-16,134,134,AVANSAS,"ERA 7021","VALDAS BENKUNSKAS"
1965400,05-JAN-16,58.49,58.49,AVANSAS,"PŪS 1172","LINAS KVEDARAVIČIUS"
1965406,11-JAN-16,89.76,89.76,AVANSAS,"DP1.9 230","GINTAUTAS PALUCKAS"
1965418,14-JAN-16,20.9,20.9,AVANSAS,"MAX 600150005055","VALDAS BENKUNSKAS"
1967332,18-MAY-15,41.55,41.55,AVANSAS,"NK 14717","REMIGIJUS ŠIMAŠIUS"
1967335,29-JAN-16,57,57,AVANSAS,24-6/1,"REMIGIJUS ŠIMAŠIUS"
1967340,03-FEB-16,76,76,AVANSAS,24-7,"AUŠRINĖ ARMONAITĖ"
1968867,05-FEB-16,300,300,AVANSAS,1-90/3-02,"AUŠRINĖ ARMONAITĖ"
1968877,05-FEB-16,300,300,AVANSAS,1-90/4-02,"RITA BALČIŪNIENĖ"
1968886,05-FEB-16,300,300,AVANSAS,1-90/5-02,"ADOMAS BUŽINSKAS"
1968898,05-FEB-16,300,300,AVANSAS,1-90/6-02,"RENATA CYTACKA"
1968914,05-FEB-16,300,300,AVANSAS,1-90/7-02,"ALGIS ČAPLIKAS"
1968928,05-FEB-16,300,300,AVANSAS,1-90/10-02,"VAIDOTAS ILGIUS"
1968933,05-FEB-16,300,300,AVANSAS,1-90/12-02,"JUOZAS IMBRASAS"
1968939,05-FEB-16,300,300,AVANSAS,1-90/14-02,"JAROSLAV KAMINSKI"
1968944,05-FEB-16,300,300,AVANSAS,1-90/15-02,"JUSTINA KAŠĖTAITĖ"
1968993,05-FEB-16,300,300,AVANSAS,1-90/16-02,"ANDRIUS KATINAS"
1969017,05-FEB-16,300,300,AVANSAS,1-90/17-02,"AUKSĖ KONTRIMIENĖ"
1969029,05-FEB-16,300,300,AVANSAS,1-90/18-02,"VAIDAS KUKARĖNAS"
1969035,05-FEB-16,300,300,AVANSAS,1-90/20-02,"PAULĖ KUZMICKIENĖ"
1969047,05-FEB-16,300,300,AVANSAS,1-90/21-02,"ARTUR LIUDKOVSKI"
1969059,05-FEB-16,300,300,AVANSAS,1-90/22-02,"MYKOLAS MAJAUSKAS"
1969069,05-FEB-16,300,300,AVANSAS,1-90/23-02,"ZBIGNIEV MACIEJEVSKI"
1969077,05-FEB-16,300,300,AVANSAS,1-90/25-02,"VIDMANTAS MARTIKONIS"
1969085,05-FEB-16,300,300,AVANSAS,1-90/26-02,"VYTAUTAS MITALAS"
1969098,05-FEB-16,300,300,AVANSAS,1-90/27-02,"MIROSLAVAS MONKEVIČIUS"
1969274,05-FEB-16,300,300,AVANSAS,1-90/28-02,"RAFAEL MUKSINOV"
1969284,05-FEB-16,300,300,AVANSAS,1-90/29-02,"KĘSTUTIS NĖNIUS"
1969289,05-FEB-16,300,300,AVANSAS,1-90/30-02,"JUOZAS OLEKAS"
1969316,05-FEB-16,300,300,AVANSAS,1-90/31-02,"VIOLETA PODOLSKAITĖ"
1969788,05-FEB-16,300,300,AVANSAS,1-90/32-02,"ROMUALDA POŠEVECKAJA"
1969799,05-FEB-16,300,300,AVANSAS,1-90/33-02,"GEDIMINAS RUDŽIONIS"
1969832,05-FEB-16,300,300,AVANSAS,1-90/34-02,"GŽEGOŽ SAKSON"
1969842,05-FEB-16,300,300,AVANSAS,1-90/35-02,"ARVYDAS SEKMOKAS"
1969870,05-FEB-16,300,300,AVANSAS,1-90/37-02,"ŠARŪNAS SKUČAS"
1969884,05-FEB-16,300,300,AVANSAS,1-90/38-02,"GEDIMINAS STORPIRŠTIS"
1969896,05-FEB-16,300,300,AVANSAS,1-90/39-02,"LIUTAURAS STOŠKUS"
1969903,05-FEB-16,300,300,AVANSAS,1-90/40-02,"ŽILVINAS ŠILGALIS"
1969921,05-FEB-16,300,300,AVANSAS,1-90/41-02,"EDITA ŠIŠKO"
1969930,05-FEB-16,300,300,AVANSAS,1-90/42-02,"ALDONA ŠVENTICKIENĖ"
1969935,05-FEB-16,300,300,AVANSAS,1-90/43-02,"GEDIMINAS ŠVILPA"
1969940,05-FEB-16,300,300,AVANSAS,1-90/44-02,"EDITA TAMOŠIŪNAITĖ"
1969944,05-FEB-16,300,300,AVANSAS,1-90/45-02,"SKIRMANTAS TUMELIS"
1969949,05-FEB-16,300,300,AVANSAS,1-90/46-02,"VIDAS URBONAVIČIUS"
1969955,05-FEB-16,300,300,AVANSAS,1-90/47-02,"ARTŪRAS ZUOKAS"
1969962,01-FEB-16,134.33,134.33,AVANSAS,1-90/48-01,"VALDAS BENKUNSKAS"
1969968,02-FEB-16,94.39,94.39,AVANSAS,1-90/49-01,"LINAS KVEDARAVIČIUS"
1969999,03-FEB-16,46.5,46.5,AVANSAS,24-7.1,"AUŠRINĖ ARMONAITĖ"
1970661,08-FEB-16,154,154,AVANSAS,AV2,"VYTAUTAS MITALAS"
1980741,02-FEB-16,78.06,78.06,AVANSAS,"DP1.9 262","REMIGIJUS ŠIMAŠIUS"
1980781,08-FEB-16,50.07,50.07,AVANSAS,"ER1 1712","REMIGIJUS ŠIMAŠIUS"
1980801,11-FEB-16,87,87,AVANSAS,24-11,"ARVYDAS SEKMOKAS"
1980808,11-FEB-16,117.5,117.5,AVANSAS,24-10,"REMIGIJUS ŠIMAŠIUS"
1987690,11-FEB-16,18,18,AVANSAS,24-11.1,"ARVYDAS SEKMOKAS"
1990006,17-FEB-16,66.37,66.37,AVANSAS,"DP1.9 272","REMIGIJUS ŠIMAŠIUS"
1990137,17-FEB-16,78.12,78.12,AVANSAS,"FOO 154365","REMIGIJUS ŠIMAŠIUS"
1997360,12-FEB-16,142.5,142.5,AVANSAS,24-12,"REMIGIJUS ŠIMAŠIUS"
1997405,29-FEB-16,190.63,190.63,AVANSAS,1-90/48-02,"VALDAS BENKUNSKAS"
1997409,29-FEB-16,113.2,113.2,AVANSAS,1-90/49-02,"LINAS KVEDARAVIČIUS"
1997424,04-MAR-16,300,300,AVANSAS,1-90/3-03,"AUŠRINĖ ARMONAITĖ"
1997431,04-MAR-16,300,300,AVANSAS,1-90/4-03,"RITA BALČIŪNIENĖ"
1997437,04-MAR-16,300,300,AVANSAS,1-90/5-03,"ADOMAS BUŽINSKAS"
1997442,04-MAR-16,300,300,AVANSAS,1-90/6-03,"RENATA CYTACKA"
1997445,04-MAR-16,300,300,AVANSAS,1-90/7-03,"ALGIS ČAPLIKAS"
1997454,04-MAR-16,189.8,189.8,AVANSAS,1-90/10-03,"VAIDOTAS ILGIUS"
1997458,04-MAR-16,124.07,124.07,AVANSAS,1-90/11-03,"AUDRONIS IMBRASAS"
1997462,04-MAR-16,300,300,AVANSAS,1-90/12-03,"JUOZAS IMBRASAS"
1997467,04-MAR-16,353.65,353.65,AVANSAS,1-90/13-03,"VINCAS JURGUTIS"
1997472,04-MAR-16,300,300,AVANSAS,1-90/14-03,"JAROSLAV KAMINSKI"
1997516,04-MAR-16,300,300,AVANSAS,1-90/15-03,"JUSTINA KAŠĖTAITĖ"
1997529,04-MAR-16,300,300,AVANSAS,1-90/16-03,"ANDRIUS KATINAS"
1997537,04-MAR-16,300,300,AVANSAS,1-90/17-03,"AUKSĖ KONTRIMIENĖ"
1997557,04-MAR-16,300,300,AVANSAS,1-90/18-03,"VAIDAS KUKARĖNAS"
1997567,04-MAR-16,300,300,AVANSAS,1-90/20-03,"PAULĖ KUZMICKIENĖ"
1997575,04-MAR-16,300,300,AVANSAS,1-90/21-03,"ARTUR LIUDKOVSKI"
1997585,04-MAR-16,300,300,AVANSAS,1-90/22-03,"MYKOLAS MAJAUSKAS"
1997588,04-MAR-16,300,300,AVANSAS,1-90/23-03,"ZBIGNIEV MACIEJEVSKI"
1997609,04-MAR-16,321.47,321.47,AVANSAS,1-90/24-03,"AUŠRA MALDEIKIENĖ"
1997627,04-MAR-16,301.85,301.85,AVANSAS,1-90/25-03,"VIDMANTAS MARTIKONIS"
1997634,04-MAR-16,300,300,AVANSAS,1-90/26-03,"VYTAUTAS MITALAS"
1997644,04-MAR-16,300,300,AVANSAS,1-90/27-03,"MIROSLAVAS MONKEVIČIUS"
1997651,04-MAR-16,300,300,AVANSAS,1-90/28-03,"RAFAEL MUKSINOV"
1997656,04-MAR-16,300,300,AVANSAS,1-90/29-03,"KĘSTUTIS NĖNIUS"
1997665,04-MAR-16,300,300,AVANSAS,1-90/30-03,"JUOZAS OLEKAS"
1997677,04-MAR-16,300,300,AVANSAS,1-90/31-03,"VIOLETA PODOLSKAITĖ"
1997685,04-MAR-16,300,300,AVANSAS,1-90/32-03,"ROMUALDA POŠEVECKAJA"
1997693,04-MAR-16,300,300,AVANSAS,1-90/33-03,"GEDIMINAS RUDŽIONIS"
1997708,04-MAR-16,300,300,AVANSAS,1-90/34-03,"GŽEGOŽ SAKSON"
1997949,04-MAR-16,300,300,AVANSAS,1-90/35-03,"ARVYDAS SEKMOKAS"
1998071,04-MAR-16,300,300,AVANSAS,1-90/36-03,"MARIUS SKARUPSKAS"
1998075,04-MAR-16,300,300,AVANSAS,1-90/37-03,"ŠARŪNAS SKUČAS"
1998082,04-MAR-16,180.33,180.33,AVANSAS,1-90/38-03,"GEDIMINAS STORPIRŠTIS"
1998089,04-MAR-16,300,300,AVANSAS,1-90/39-03,"LIUTAURAS STOŠKUS"
1998109,04-MAR-16,300,300,AVANSAS,1-90/40-03,"ŽILVINAS ŠILGALIS"
1998121,04-MAR-16,300,300,AVANSAS,1-90/41-03,"EDITA ŠIŠKO"
1998128,04-MAR-16,300,300,AVANSAS,1-90/42-03,"ALDONA ŠVENTICKIENĖ"
1998132,04-MAR-16,300,300,AVANSAS,1-90/43-03,"GEDIMINAS ŠVILPA"
1998134,04-MAR-16,300,300,AVANSAS,1-90/44-03,"EDITA TAMOŠIŪNAITĖ"
1998137,04-MAR-16,300,300,AVANSAS,1-90/45-03,"SKIRMANTAS TUMELIS"
1998145,04-MAR-16,300,300,AVANSAS,1-90/46-03,"VIDAS URBONAVIČIUS"
1998147,04-MAR-16,300,300,AVANSAS,1-90/47-03,"ARTŪRAS ZUOKAS"
2006322,08-MAR-16,19.47,19.47,AVANSAS,"VLN 52","REMIGIJUS ŠIMAŠIUS"
2006331,29-JAN-16,156,156,AVANSAS,"FCA 02444","GINTAUTAS PALUCKAS"
2006336,10-FEB-16,123,123,AVANSAS,SFMA-2857D,"GINTAUTAS PALUCKAS"
2006375,11-FEB-16,17.2,17.2,AVANSAS,24-10.1,"REMIGIJUS ŠIMAŠIUS"
2022305,22-MAR-16,54.8,54.8,AVANSAS,"OZ 2016075","GINTAUTAS PALUCKAS"
2022351,14-MAR-16,203,203,AVANSAS,24-23,"LINAS KVEDARAVIČIUS"
2033616,07-APR-16,300,300,AVANSAS,1-90/4-04,"RITA BALČIŪNIENĖ"
2033617,07-APR-16,300,300,AVANSAS,1-90/5-04,"ADOMAS BUŽINSKAS"
2034025,07-APR-16,288.79,288.79,AVANSAS,1-90/6-04,"RENATA CYTACKA"
2034026,07-APR-16,277.17,277.17,AVANSAS,1-90/7-04,"ALGIS ČAPLIKAS"
2034028,07-APR-16,300,300,AVANSAS,1-90/12-04,"JUOZAS IMBRASAS"
2034032,07-APR-16,282.96,282.96,AVANSAS,1-90/13-04,"VINCAS JURGUTIS"
2034089,07-APR-16,300,300,AVANSAS,1-90/21-04,"ARTUR LIUDKOVSKI"
2034099,07-APR-16,300,300,AVANSAS,1-90/22-04,"MYKOLAS MAJAUSKAS"
2034112,07-APR-16,300,300,AVANSAS,1-90/23-04,"ZBIGNIEV MACIEJEVSKI"
2034185,07-APR-16,145.27,145.27,AVANSAS,1-90/24-04,"AUŠRA MALDEIKIENĖ"
2034200,07-APR-16,293.08,293.08,AVANSAS,1-90/26-04,"VYTAUTAS MITALAS"
2034210,07-APR-16,300,300,AVANSAS,1-90/28-04,"RAFAEL MUKSINOV"
2034227,07-APR-16,300,300,AVANSAS,1-90/29-04,"KĘSTUTIS NĖNIUS"
2034252,07-APR-16,300,300,AVANSAS,1-90/31-04,"VIOLETA PODOLSKAITĖ"
2034283,07-APR-16,299.03,299.03,AVANSAS,1-90/32-04,"ROMUALDA POŠEVECKAJA"
2034293,07-APR-16,300,300,AVANSAS,1-90/33-04,"GEDIMINAS RUDŽIONIS"
2034304,07-APR-16,300,300,AVANSAS,1-90/35-04,"ARVYDAS SEKMOKAS"
2034316,07-APR-16,280.89,280.89,AVANSAS,1-90/40-04,"ŽILVINAS ŠILGALIS"
2034331,07-APR-16,300,300,AVANSAS,1-90/42-04,"ALDONA ŠVENTICKIENĖ"
2034347,07-APR-16,300,300,AVANSAS,1-90/44-04,"EDITA TAMOŠIŪNAITĖ"
2034420,31-MAR-16,333.46,333.46,AVANSAS,1-90/48-03,"VALDAS BENKUNSKAS"
2034429,31-MAR-16,109.73,109.73,AVANSAS,1-90/49-03,"LINAS KVEDARAVIČIUS"
2034436,15-MAR-16,64.06,64.06,AVANSAS,"DP1.9 299","LINAS KVEDARAVIČIUS"
2034442,01-APR-16,135.9,135.9,AVANSAS,"INT 5448","VALDAS BENKUNSKAS"
2034466,22-MAR-16,64.06,64.06,AVANSAS,"DP1.9 308","GINTAUTAS PALUCKAS"
2034893,08-APR-16,300,300,AVANSAS,1-90/41-04,"EDITA ŠIŠKO"
2034904,08-APR-16,274.28,274.28,AVANSAS,1-90/37-04,"ŠARŪNAS SKUČAS"
2034911,08-APR-16,132.15,132.15,AVANSAS,1-90/17-04,"AUKSĖ KONTRIMIENĖ"
2034969,08-APR-16,300,300,AVANSAS,1-90/27-04,"MIROSLAVAS MONKEVIČIUS"
2034980,08-APR-16,220.54,220.54,AVANSAS,1-90/14-04,"JAROSLAV KAMINSKI"
2037125,11-APR-16,300,300,AVANSAS,1-90/3-04,"AUŠRINĖ ARMONAITĖ"
2037137,11-APR-16,300,300,AVANSAS,1-90/20-04,"PAULĖ KUZMICKIENĖ"
2037146,11-APR-16,264.7,264.7,AVANSAS,1-90/16-04,"ANDRIUS KATINAS"
2037152,11-APR-16,300,300,AVANSAS,1-90/43-04,"GEDIMINAS ŠVILPA"
2037171,11-APR-16,300,300,AVANSAS,1-90/34-04,"GŽEGOŽ SAKSON"
2039998,13-APR-16,300,300,AVANSAS,1-90/30-04,"JUOZAS OLEKAS"
2040004,13-APR-16,230.49,230.49,AVANSAS,1-90/39-04,"LIUTAURAS STOŠKUS"
2042339,31-MAR-16,54.8,54.8,AVANSAS,SFMA-2891D,"GINTAUTAS PALUCKAS"
2042348,31-MAR-16,110.2,110.2,AVANSAS,SFMA-2891D.1,"GINTAUTAS PALUCKAS"
2042585,08-APR-16,189,189,AVANSAS,24-36,"GINTAUTAS PALUCKAS"
2042595,08-APR-16,81,81,AVANSAS,24-37,"REMIGIJUS ŠIMAŠIUS"
2043585,15-APR-16,239.13,239.13,AVANSAS,1-90/15-04,"JUSTINA KAŠĖTAITĖ"
2043606,18-APR-16,300,300,AVANSAS,1-90/46-04,"VIDAS URBONAVIČIUS"
2043619,14-MAR-16,59.26,59.26,AVANSAS,24-23.1,"LINAS KVEDARAVIČIUS"
2046275,21-APR-16,300,300,AVANSAS,1-90/18-04,"VAIDAS KUKARĖNAS"
2051330,12-APR-16,68.86,68.86,AVANSAS,"DP1.9 315","REMIGIJUS ŠIMAŠIUS"
2056386,26-APR-16,225,225,AVANSAS,SFMA-2909D,"GINTAUTAS PALUCKAS"
2056414,25-APR-16,22,22,AVANSAS,K0101033,"REMIGIJUS ŠIMAŠIUS"
2057380,27-APR-16,94.02,94.02,AVANSAS,1-90/49-04,"LINAS KVEDARAVIČIUS"
2057396,29-APR-16,165.34,165.34,AVANSAS,1-90/48-04,"VALDAS BENKUNSKAS"
2065158,05-MAY-16,300,300,AVANSAS,1-90/3-05,"AUŠRINĖ ARMONAITĖ"
2065166,05-MAY-16,300,300,AVANSAS,1-90/4-05,"RITA BALČIŪNIENĖ"
2065176,05-MAY-16,300,300,AVANSAS,1-90/5-05,"ADOMAS BUŽINSKAS"
2065204,05-MAY-16,300,300,AVANSAS,1-90/6-05,"RENATA CYTACKA"
2065213,05-MAY-16,300,300,AVANSAS,1-90/7-05,"ALGIS ČAPLIKAS"
2065293,05-MAY-16,300,300,AVANSAS,1-90/10-05,"VAIDOTAS ILGIUS"
2065304,05-MAY-16,300,300,AVANSAS,1-90/12-05,"JUOZAS IMBRASAS"
2065324,05-MAY-16,300,300,AVANSAS,1-90/13-05,"VINCAS JURGUTIS"
2065333,05-MAY-16,300,300,AVANSAS,1-90/14-05,"JAROSLAV KAMINSKI"
2065392,05-MAY-16,300,300,AVANSAS,1-90/15-05,"JUSTINA KAŠĖTAITĖ"
2065397,05-MAY-16,300,300,AVANSAS,1-90/16-05,"ANDRIUS KATINAS"
2065408,05-MAY-16,300,300,AVANSAS,1-90/17-05,"AUKSĖ KONTRIMIENĖ"
2065414,05-MAY-16,300,300,AVANSAS,1-90/18-05,"VAIDAS KUKARĖNAS"
2065636,05-MAY-16,300,300,AVANSAS,1-90/20-05,"PAULĖ KUZMICKIENĖ"
2065696,05-MAY-16,300,300,AVANSAS,1-90/21-05,"ARTUR LIUDKOVSKI"
2065748,05-MAY-16,300,300,AVANSAS,1-90/22-05,"MYKOLAS MAJAUSKAS"
2065897,05-MAY-16,300,300,AVANSAS,1-90/23-05,"ZBIGNIEV MACIEJEVSKI"
2065910,05-MAY-16,300,300,AVANSAS,1-90/24-05,"AUŠRA MALDEIKIENĖ"
2065920,05-MAY-16,300,300,AVANSAS,1-90/25-05,"VIDMANTAS MARTIKONIS"
2065965,05-MAY-16,300,300,AVANSAS,1-90/26-05,"VYTAUTAS MITALAS"
2065970,05-MAY-16,300,300,AVANSAS,1-90/27-05,"MIROSLAVAS MONKEVIČIUS"
2066034,05-MAY-16,300,300,AVANSAS,1-90/28-05,"RAFAEL MUKSINOV"
2066052,05-MAY-16,300,300,AVANSAS,1-90/29-05,"KĘSTUTIS NĖNIUS"
2066089,05-MAY-16,300,300,AVANSAS,1-90/30-05,"JUOZAS OLEKAS"
2066101,05-MAY-16,300,300,AVANSAS,1-90/31-05,"VIOLETA PODOLSKAITĖ"
2066109,05-MAY-16,300,300,AVANSAS,1-90/32-05,"ROMUALDA POŠEVECKAJA"
2066145,05-MAY-16,300,300,AVANSAS,1-90/33-05,"GEDIMINAS RUDŽIONIS"
2066192,05-MAY-16,300,300,AVANSAS,1-90/34-05,"GŽEGOŽ SAKSON"
2066235,05-MAY-16,300,300,AVANSAS,1-90/35-05,"ARVYDAS SEKMOKAS"
2066247,05-MAY-16,300,300,AVANSAS,1-90/37-05,"ŠARŪNAS SKUČAS"
2066258,05-MAY-16,300,300,AVANSAS,1-90/39-05,"LIUTAURAS STOŠKUS"
2066332,05-MAY-16,300,300,AVANSAS,1-90/40-05,"ŽILVINAS ŠILGALIS"
2066349,05-MAY-16,300,300,AVANSAS,1-90/41-05,"EDITA ŠIŠKO"
2066360,05-MAY-16,300,300,AVANSAS,1-90/42-05,"ALDONA ŠVENTICKIENĖ"
2066367,05-MAY-16,300,300,AVANSAS,1-90/43-05,"GEDIMINAS ŠVILPA"
2066393,05-MAY-16,300,300,AVANSAS,1-90/44-05,"EDITA TAMOŠIŪNAITĖ"
2066404,05-MAY-16,300,300,AVANSAS,1-90/46-05,"VIDAS URBONAVIČIUS"
2066725,08-APR-16,110,110,AVANSAS,24-38/1,"ALDONA ŠVENTICKIENĖ"
2066734,08-APR-16,110,110,AVANSAS,24-38/2,"EDITA TAMOŠIŪNAITĖ"
2074884,03-MAY-16,24,24,AVANSAS,"FEU 11046","VALDAS BENKUNSKAS"
2074901,03-MAY-16,43.1,43.1,AVANSAS,"HIVN 82815","VALDAS BENKUNSKAS"
2074942,27-APR-16,19.5,19.5,AVANSAS,"FEU 11037","REMIGIJUS ŠIMAŠIUS"
2079544,19-MAY-16,79.5,79.5,AVANSAS,24-52/1,"VALDAS BENKUNSKAS"
2079547,19-MAY-16,79.5,79.5,AVANSAS,24-52/2,"ARVYDAS SEKMOKAS"
2079563,19-MAY-16,61.5,61.5,AVANSAS,24-53/1,"REMIGIJUS ŠIMAŠIUS"
2082994,25-MAY-16,300,300,AVANSAS,1-90/3-06,"AUŠRINĖ ARMONAITĖ"
2082998,25-MAY-16,300,300,AVANSAS,1-90/4-06,"RITA BALČIŪNIENĖ"
2083004,25-MAY-16,300,300,AVANSAS,1-90/5-06,"ADOMAS BUŽINSKAS"
2083010,25-MAY-16,300,300,AVANSAS,1-90/6-06,"RENATA CYTACKA"
2083017,25-MAY-16,300,300,AVANSAS,1-90/7-06,"ALGIS ČAPLIKAS"
2083021,25-MAY-16,146.54,146.54,AVANSAS,1-90/10-06,"VAIDOTAS ILGIUS"
2083057,25-MAY-16,182,182,AVANSAS,1-90/11-06,"AUDRONIS IMBRASAS"
2083067,25-MAY-16,300,300,AVANSAS,1-90/12-06,"JUOZAS IMBRASAS"
2083077,25-MAY-16,300,300,AVANSAS,1-90/13-06,"VINCAS JURGUTIS"
2083086,25-MAY-16,300,300,AVANSAS,1-90/14-06,"JAROSLAV KAMINSKI"
2083093,25-MAY-16,300,300,AVANSAS,1-90/15-06,"JUSTINA KAŠĖTAITĖ"
2083099,25-MAY-16,300,300,AVANSAS,1-90/16-06,"ANDRIUS KATINAS"
2083107,25-MAY-16,300,300,AVANSAS,1-90/17-06,"AUKSĖ KONTRIMIENĖ"
2083216,25-MAY-16,300,300,AVANSAS,1-90/18-06,"VAIDAS KUKARĖNAS"
2083217,25-MAY-16,167.61,167.61,AVANSAS,1-90/19-06,"DARIUS KUOLYS"
2083218,25-MAY-16,300,300,AVANSAS,1-90/20-06,"PAULĖ KUZMICKIENĖ"
2083220,25-MAY-16,300,300,AVANSAS,1-90/21-06,"ARTUR LIUDKOVSKI"
2083222,25-MAY-16,300,300,AVANSAS,1-90/22-06,"MYKOLAS MAJAUSKAS"
2083225,25-MAY-16,300,300,AVANSAS,1-90/23-06,"ZBIGNIEV MACIEJEVSKI"
2083232,25-MAY-16,300,300,AVANSAS,1-90/24-06,"AUŠRA MALDEIKIENĖ"
2083257,25-MAY-16,295.61,295.61,AVANSAS,1-90/25-06,"VIDMANTAS MARTIKONIS"
2083272,25-MAY-16,300,300,AVANSAS,1-90/26-06,"VYTAUTAS MITALAS"
2083279,25-MAY-16,300,300,AVANSAS,1-90/27-06,"MIROSLAVAS MONKEVIČIUS"
2083287,25-MAY-16,300,300,AVANSAS,1-90/28-06,"RAFAEL MUKSINOV"
2083301,25-MAY-16,300,300,AVANSAS,1-90/29-06,"KĘSTUTIS NĖNIUS"
2083308,25-MAY-16,300,300,AVANSAS,1-90/30-06,"JUOZAS OLEKAS"
2083329,25-MAY-16,300,300,AVANSAS,1-90/31-06,"VIOLETA PODOLSKAITĖ"
2083337,25-MAY-16,300,300,AVANSAS,1-90/32-06,"ROMUALDA POŠEVECKAJA"
2083347,25-MAY-16,300,300,AVANSAS,1-90/33-06,"GEDIMINAS RUDŽIONIS"
2083362,25-MAY-16,300,300,AVANSAS,1-90/34-06,"GŽEGOŽ SAKSON"
2083371,25-MAY-16,300,300,AVANSAS,1-90/35-06,"ARVYDAS SEKMOKAS"
2083381,25-MAY-16,300,300,AVANSAS,1-90/37-06,"ŠARŪNAS SKUČAS"
2083399,25-MAY-16,330.02,330.02,AVANSAS,1-90/38-06,"GEDIMINAS STORPIRŠTIS"
2083407,25-MAY-16,300,300,AVANSAS,1-90/39-06,"LIUTAURAS STOŠKUS"
2083420,25-MAY-16,300,300,AVANSAS,1-90/40-06,"ŽILVINAS ŠILGALIS"
2083446,25-MAY-16,300,300,AVANSAS,1-90/41-06,"EDITA ŠIŠKO"
2083506,25-MAY-16,300,300,AVANSAS,1-90/42-06,"ALDONA ŠVENTICKIENĖ"
2083518,25-MAY-16,300,300,AVANSAS,1-90/43-06,"GEDIMINAS ŠVILPA"
2083523,25-MAY-16,300,300,AVANSAS,1-90/44-06,"EDITA TAMOŠIŪNAITĖ"
2083650,25-MAY-16,172.63,172.63,AVANSAS,1-90/45-06,"SKIRMANTAS TUMELIS"
2083675,25-MAY-16,300,300,AVANSAS,1-90/46-06,"VIDAS URBONAVIČIUS"
2083687,25-MAY-16,318.79,318.79,AVANSAS,1-90/47-06,"ARTŪRAS ZUOKAS"
2085517,13-MAY-16,30,30,AVANSAS,"1B 0008","GINTAUTAS PALUCKAS"
2085528,13-MAY-16,31.9,31.9,AVANSAS,"NMK 0798","GINTAUTAS PALUCKAS"
2085545,19-MAY-16,41,41,AVANSAS,24-56/1,"REMIGIJUS ŠIMAŠIUS"
2106527,06-JUN-16,22,22,AVANSAS,24-65/1,"VALDAS BENKUNSKAS"
2106528,06-JUN-16,22,22,AVANSAS,24-65/2,"VIOLETA PODOLSKAITĖ"
2111056,31-MAY-16,167.2,167.2,AVANSAS,1-90/50-05,"LINAS KVEDARAVIČIUS"
2111142,31-MAY-16,152.76,152.76,AVANSAS,1-90/49-05,"VALDAS BENKUNSKAS"
2111470,13-JUN-16,22,22,AVANSAS,"COS 000407","REMIGIJUS ŠIMAŠIUS"
2113069,22-JUN-16,133,133,AVANSAS,24-70,"JAROSLAV KAMINSKI"
2115464,13-JUN-16,150,150,AVANSAS,"VPR 793","REMIGIJUS ŠIMAŠIUS"
2115481,17-JUN-16,32.95,32.95,AVANSAS,9346,"REMIGIJUS ŠIMAŠIUS"
2115511,16-JUN-16,56,56,AVANSAS,"KAR 0004782","VALDAS BENKUNSKAS"
2123258,22-JUN-16,118.05,118.05,AVANSAS,24-70.1,"JAROSLAV KAMINSKI"
2127043,07-JUL-16,298.8,298.8,AVANSAS,1-90/4-07,"RITA BALČIŪNIENĖ"
2127048,07-JUL-16,300,300,AVANSAS,1-90/5-07,"ADOMAS BUŽINSKAS"
2127053,07-JUL-16,300,300,AVANSAS,1-90/6-07,"RENATA CYTACKA"
2127057,07-JUL-16,300,300,AVANSAS,1-90/7-07,"ALGIS ČAPLIKAS"
2127062,07-JUL-16,300,300,AVANSAS,1-90/12-07,"JUOZAS IMBRASAS"
2127066,07-JUL-16,262.14,262.14,AVANSAS,1-90/13-07,"VINCAS JURGUTIS"
2127070,07-JUL-16,300,300,AVANSAS,1-90/14-07,"JAROSLAV KAMINSKI"
2127075,07-JUL-16,300,300,AVANSAS,1-90/17-07,"AUKSĖ KONTRIMIENĖ"
2127079,07-JUL-16,300,300,AVANSAS,1-90/20-07,"PAULĖ KUZMICKIENĖ"
2127085,07-JUL-16,300,300,AVANSAS,1-90/21-07,"ARTUR LIUDKOVSKI"
2127091,07-JUL-16,300,300,AVANSAS,1-90/22-07,"MYKOLAS MAJAUSKAS"
2127098,07-JUL-16,300,300,AVANSAS,1-90/23-07,"ZBIGNIEV MACIEJEVSKI"
2127104,07-JUL-16,289.66,289.66,AVANSAS,1-90/28-07,"RAFAEL MUKSINOV"
2127107,07-JUL-16,300,300,AVANSAS,1-90/29-07,"KĘSTUTIS NĖNIUS"
2127124,07-JUL-16,300,300,AVANSAS,1-90/30-07,"JUOZAS OLEKAS"
2127133,07-JUL-16,300,300,AVANSAS,1-90/31-07,"VIOLETA PODOLSKAITĖ"
2127136,07-JUL-16,300,300,AVANSAS,1-90/32-07,"ROMUALDA POŠEVECKAJA"
2127140,07-JUL-16,300,300,AVANSAS,1-90/33-07,"GEDIMINAS RUDŽIONIS"
2127146,07-JUL-16,300,300,AVANSAS,1-90/35-07,"ARVYDAS SEKMOKAS"
2127151,07-JUL-16,263.21,263.21,AVANSAS,1-90/37-07,"ŠARŪNAS SKUČAS"
2127158,07-JUL-16,300,300,AVANSAS,1-90/38-07,"GEDIMINAS STORPIRŠTIS"
2127163,07-JUL-16,270.97,270.97,AVANSAS,1-90/40-07,"ŽILVINAS ŠILGALIS"
2127173,07-JUL-16,300,300,AVANSAS,1-90/41-07,"EDITA ŠIŠKO"
2127179,07-JUL-16,300,300,AVANSAS,1-90/42-07,"ALDONA ŠVENTICKIENĖ"
2127185,07-JUL-16,300,300,AVANSAS,1-90/44-07,"EDITA TAMOŠIŪNAITĖ"
2127198,07-JUL-16,581.9,581.9,AVANSAS,1-90/49-07,"VALDAS BENKUNSKAS"
2127211,07-JUL-16,128.63,128.63,AVANSAS,1-90/50-07,"LINAS KVEDARAVIČIUS"
2127229,14-JUN-16,11.3,11.3,AVANSAS,"LAI 1102675","REMIGIJUS ŠIMAŠIUS"
2127242,04-JUL-16,39,39,AVANSAS,GAM-00072,"REMIGIJUS ŠIMAŠIUS"
2127250,05-JUL-16,22,22,AVANSAS,K0101071,"REMIGIJUS ŠIMAŠIUS"
2127265,29-JUN-16,207,207,AVANSAS,VPP-003529,"GINTAUTAS PALUCKAS"
2127280,04-JUL-16,122.55,122.55,AVANSAS,"HIVN 86345","VALDAS BENKUNSKAS"
2131243,08-JUL-16,208.28,208.28,AVANSAS,1-90/47-07,"ARTŪRAS ZUOKAS"
2131283,08-JUL-16,248.5,248.5,AVANSAS,1-90/43-07,"GEDIMINAS ŠVILPA"
2131318,08-JUL-16,300,300,AVANSAS,1-90/34-07,"GŽEGOŽ SAKSON"
2131323,08-JUL-16,247.06,247.06,AVANSAS,1-90/16-07,"ANDRIUS KATINAS"
2131349,08-JUL-16,259.43,259.43,AVANSAS,1-90/27-07,"MIROSLAVAS MONKEVIČIUS"
2131355,08-JUL-16,239.94,239.94,AVANSAS,1-90/26-07,"VYTAUTAS MITALAS"
2131360,08-JUL-16,300,300,AVANSAS,1-90/39-07,"LIUTAURAS STOŠKUS"
2131365,08-JUL-16,300,300,AVANSAS,1-90/10-07,"VAIDOTAS ILGIUS"
2132377,12-JUL-16,300,300,AVANSAS,1-90/15-07,"JUSTINA KAŠĖTAITĖ"
2132379,12-JUL-16,300,300,AVANSAS,1-90/18-07,"VAIDAS KUKARĖNAS"
2132382,12-JUL-16,300,300,AVANSAS,1-90/3-07,"AUŠRINĖ ARMONAITĖ"
2136203,18-JUL-16,214.89,214.89,AVANSAS,1-90/24-07,"AUŠRA MALDEIKIENĖ"
2136210,18-JUL-16,300,300,AVANSAS,1-90/46-07,"VIDAS URBONAVIČIUS"
2136212,18-JUL-16,37.77,37.77,AVANSAS,1-90/36-07,"MARIUS SKARUPSKAS"
2139612,12-JUL-16,69,69,AVANSAS,"SM/16 264","REMIGIJUS ŠIMAŠIUS"
2139621,14-JUL-16,30.17,30.17,AVANSAS,"MAX 600160003840","VALDAS BENKUNSKAS"
2150213,01-AUG-16,300,300,AVANSAS,1-90/3-08,"AUŠRINĖ ARMONAITĖ"
2150275,01-AUG-16,300,300,AVANSAS,1-90/5-08,"ADOMAS BUŽINSKAS"
2150282,01-AUG-16,300,300,AVANSAS,1-90/6-08,"RENATA CYTACKA"
2150307,01-AUG-16,300,300,AVANSAS,1-90/7-08,"ALGIS ČAPLIKAS"
2150340,01-AUG-16,300,300,AVANSAS,1-90/12-08,"JUOZAS IMBRASAS"
2150342,01-AUG-16,300,300,AVANSAS,1-90/13-08,"VINCAS JURGUTIS"
2150344,01-AUG-16,300,300,AVANSAS,1-90/14-08,"JAROSLAV KAMINSKI"
2150349,01-AUG-16,300,300,AVANSAS,1-90/15-08,"JUSTINA KAŠĖTAITĖ"
2150350,01-AUG-16,300,300,AVANSAS,1-90/16-08,"ANDRIUS KATINAS"
2150356,01-AUG-16,300,300,AVANSAS,1-90/17-08,"AUKSĖ KONTRIMIENĖ"
2150360,01-AUG-16,300,300,AVANSAS,1-90/18-08,"VAIDAS KUKARĖNAS"
2150364,01-AUG-16,300,300,AVANSAS,1-90/20-08,"PAULĖ KUZMICKIENĖ"
2150371,01-AUG-16,300,300,AVANSAS,1-90/21-08,"ARTUR LIUDKOVSKI"
2150379,01-AUG-16,300,300,AVANSAS,1-90/22-08,"MYKOLAS MAJAUSKAS"
2150392,01-AUG-16,300,300,AVANSAS,1-90/23-08,"ZBIGNIEV MACIEJEVSKI"
2150404,01-AUG-16,300,300,AVANSAS,1-90/24-08,"AUŠRA MALDEIKIENĖ"
2150407,01-AUG-16,300,300,AVANSAS,1-90/25-08,"VIDMANTAS MARTIKONIS"
2150411,01-AUG-16,300,300,AVANSAS,1-90/26-08,"VYTAUTAS MITALAS"
2150418,01-AUG-16,300,300,AVANSAS,1-90/27-08,"MIROSLAVAS MONKEVIČIUS"
2150421,01-AUG-16,300,300,AVANSAS,1-90/28-08,"RAFAEL MUKSINOV"
2150422,01-AUG-16,300,300,AVANSAS,1-90/29-08,"KĘSTUTIS NĖNIUS"
2150425,01-AUG-16,300,300,AVANSAS,1-90/30-08,"JUOZAS OLEKAS"
2150426,01-AUG-16,300,300,AVANSAS,1-90/31-08,"VIOLETA PODOLSKAITĖ"
2150427,01-AUG-16,300,300,AVANSAS,1-90/32-08,"ROMUALDA POŠEVECKAJA"
2150428,01-AUG-16,300,300,AVANSAS,1-90/33-08,"GEDIMINAS RUDŽIONIS"
2150430,01-AUG-16,300,300,AVANSAS,1-90/34-08,"GŽEGOŽ SAKSON"
2150431,01-AUG-16,300,300,AVANSAS,1-90/35-08,"ARVYDAS SEKMOKAS"
2150432,01-AUG-16,300,300,AVANSAS,1-90/36-08,"MARIUS SKARUPSKAS"
2150433,01-AUG-16,300,300,AVANSAS,1-90/37-08,"ŠARŪNAS SKUČAS"
2150434,01-AUG-16,300,300,AVANSAS,1-90/38-08,"GEDIMINAS STORPIRŠTIS"
2150435,01-AUG-16,300,300,AVANSAS,1-90/39-08,"LIUTAURAS STOŠKUS"
2150436,01-AUG-16,300,300,AVANSAS,1-90/40-08,"ŽILVINAS ŠILGALIS"
2150437,01-AUG-16,300,300,AVANSAS,1-90/41-08,"EDITA ŠIŠKO"
2150438,01-AUG-16,300,300,AVANSAS,1-90/42-08,"ALDONA ŠVENTICKIENĖ"
2150439,01-AUG-16,300,300,AVANSAS,1-90/43-08,"GEDIMINAS ŠVILPA"
2150440,01-AUG-16,300,300,AVANSAS,1-90/44-08,"EDITA TAMOŠIŪNAITĖ"
2150441,01-AUG-16,300,300,AVANSAS,1-90/45-08,"SKIRMANTAS TUMELIS"
2150442,01-AUG-16,300,300,AVANSAS,1-90/46-08,"VIDAS URBONAVIČIUS"
2150443,01-AUG-16,300,300,AVANSAS,1-90/47-08,"ARTŪRAS ZUOKAS"
2150444,01-AUG-16,189.25,189.25,AVANSAS,1-90/49-08,"VALDAS BENKUNSKAS"
2150445,01-AUG-16,120.74,120.74,AVANSAS,1-90/50-08,"LINAS KVEDARAVIČIUS"
2164506,08-AUG-16,68,68,AVANSAS,"VLL 5432","REMIGIJUS ŠIMAŠIUS"
2164507,08-AUG-16,22,22,AVANSAS,K0101074,"REMIGIJUS ŠIMAŠIUS"
2164508,17-AUG-16,22,22,AVANSAS,K0101088,"REMIGIJUS ŠIMAŠIUS"
2164509,17-AUG-16,50.49,50.49,AVANSAS,"T773 00002700","REMIGIJUS ŠIMAŠIUS"
2164510,22-AUG-16,67,67,AVANSAS,"SM/16 304","REMIGIJUS ŠIMAŠIUS"
2164511,22-AUG-16,5.79,5.79,AVANSAS,2016-08-22,"REMIGIJUS ŠIMAŠIUS"
2164512,19-AUG-16,33,33,AVANSAS,"ARR G 14287","REMIGIJUS ŠIMAŠIUS"
2164513,08-AUG-16,145.5,145.5,AVANSAS,SFMA-2962D,"GINTAUTAS PALUCKAS"
2164899,25-AUG-16,300,300,AVANSAS,1-90/3-09,"AUŠRINĖ ARMONAITĖ"
2164915,25-AUG-16,300,300,AVANSAS,1-90/4-09,"RITA BALČIŪNIENĖ"
2164920,25-AUG-16,300,300,AVANSAS,1-90/5-09,"ADOMAS BUŽINSKAS"
2164929,25-AUG-16,300,300,AVANSAS,1-90/6-09,"RENATA CYTACKA"
2164978,25-AUG-16,300,300,AVANSAS,1-90/7-09,"ALGIS ČAPLIKAS"
2164998,25-AUG-16,300,300,AVANSAS,1-90/10-09,"VAIDOTAS ILGIUS"
2165221,25-AUG-16,184.2,184.2,AVANSAS,1-90/11-09,"AUDRONIS IMBRASAS"
2165231,25-AUG-16,300,300,AVANSAS,1-90/12-09,"JUOZAS IMBRASAS"
2165241,25-AUG-16,300,300,AVANSAS,1-90/13-09,"VINCAS JURGUTIS"
2165248,25-AUG-16,300,300,AVANSAS,1-90/14-09,"JAROSLAV KAMINSKI"
2165280,25-AUG-16,300,300,AVANSAS,1-90/15-09,"JUSTINA KAŠĖTAITĖ"
2165299,25-AUG-16,300,300,AVANSAS,1-90/16-09,"ANDRIUS KATINAS"
2165305,25-AUG-16,300,300,AVANSAS,1-90/17-09,"AUKSĖ KONTRIMIENĖ"
2165310,25-AUG-16,300,300,AVANSAS,1-90/18-09,"VAIDAS KUKARĖNAS"
2165316,25-AUG-16,255.57,255.57,AVANSAS,1-90/19-09,"DARIUS KUOLYS"
2165324,25-AUG-16,300,300,AVANSAS,1-90/20-09,"PAULĖ KUZMICKIENĖ"
2165328,25-AUG-16,300,300,AVANSAS,1-90/21-09,"ARTUR LIUDKOVSKI"
2165330,25-AUG-16,300,300,AVANSAS,1-90/22-09,"MYKOLAS MAJAUSKAS"
2165334,25-AUG-16,300,300,AVANSAS,1-90/23-09,"ZBIGNIEV MACIEJEVSKI"
2165340,25-AUG-16,300,300,AVANSAS,1-90/24-09,"AUŠRA MALDEIKIENĖ"
2165345,25-AUG-16,270.69,270.69,AVANSAS,1-90/25-09,"VIDMANTAS MARTIKONIS"
2165448,25-AUG-16,300,300,AVANSAS,1-90/26-09,"VYTAUTAS MITALAS"
2165449,25-AUG-16,300,300,AVANSAS,1-90/27-09,"MIROSLAVAS MONKEVIČIUS"
2165453,25-AUG-16,300,300,AVANSAS,1-90/28-09,"RAFAEL MUKSINOV"
2165458,25-AUG-16,300,300,AVANSAS,1-90/29-09,"KĘSTUTIS NĖNIUS"
2165464,25-AUG-16,300,300,AVANSAS,1-90/30-09,"JUOZAS OLEKAS"
2165469,25-AUG-16,300,300,AVANSAS,1-90/31-09,"VIOLETA PODOLSKAITĖ"
2165474,25-AUG-16,300,300,AVANSAS,1-90/32-09,"ROMUALDA POŠEVECKAJA"
2165514,25-AUG-16,300,300,AVANSAS,1-90/33-09,"GEDIMINAS RUDŽIONIS"
2165534,25-AUG-16,300,300,AVANSAS,1-90/34-09,"GŽEGOŽ SAKSON"
2165540,25-AUG-16,300,300,AVANSAS,1-90/35-09,"ARVYDAS SEKMOKAS"
2165546,25-AUG-16,300,300,AVANSAS,1-90/36-09,"MARIUS SKARUPSKAS"
2165552,25-AUG-16,300,300,AVANSAS,1-90/37-09,"ŠARŪNAS SKUČAS"
2165583,25-AUG-16,300,300,AVANSAS,1-90/38-09,"GEDIMINAS STORPIRŠTIS"
2165594,25-AUG-16,300,300,AVANSAS,1-90/39-09,"LIUTAURAS STOŠKUS"
2165597,25-AUG-16,300,300,AVANSAS,1-90/40-09,"ŽILVINAS ŠILGALIS"
2165605,25-AUG-16,300,300,AVANSAS,1-90/41-09,"EDITA ŠIŠKO"
2165635,25-AUG-16,300,300,AVANSAS,1-90/42-09,"ALDONA ŠVENTICKIENĖ"
2165640,25-AUG-16,300,300,AVANSAS,1-90/43-09,"GEDIMINAS ŠVILPA"
2165645,25-AUG-16,300,300,AVANSAS,1-90/44-09,"EDITA TAMOŠIŪNAITĖ"
2165648,25-AUG-16,133.21,133.21,AVANSAS,1-90/45-09,"SKIRMANTAS TUMELIS"
2165750,25-AUG-16,300,300,AVANSAS,1-90/46-09,"VIDAS URBONAVIČIUS"
2165773,25-AUG-16,300,300,AVANSAS,1-90/47-09,"ARTŪRAS ZUOKAS"
2166101,25-AUG-16,95,95,AVANSAS,24-79/1,"JAROSLAV KAMINSKI"
2166105,25-AUG-16,95,95,AVANSAS,24-79/2,"VIOLETA PODOLSKAITĖ"
2175108,09-AUG-16,0,,AVANSAS,24-79/2.2,"VIOLETA PODOLSKAITĖ"
2175123,25-AUG-16,8.5,8.5,AVANSAS,24-79/2.1,"VIOLETA PODOLSKAITĖ"
2175141,08-AUG-16,46.4,46.4,AVANSAS,"KKK 5351","VALDAS BENKUNSKAS"
2175146,31-AUG-16,281.16,281.16,AVANSAS,"GA 34934","GINTAUTAS PALUCKAS"
2175149,31-AUG-16,7.81,7.81,AVANSAS,2016-08-31,"GINTAUTAS PALUCKAS"
2175159,05-SEP-16,349.39,349.39,AVANSAS,1-90/48-09,"VALDAS BENKUNSKAS"
2175165,05-SEP-16,222.22,222.22,AVANSAS,1-90/49-09,"LINAS KVEDARAVIČIUS"
2175294,05-SEP-16,22,22,AVANSAS,K0101095,"REMIGIJUS ŠIMAŠIUS"
2175299,05-SEP-16,1.44,1.44,AVANSAS,2016-09-05,"REMIGIJUS ŠIMAŠIUS"
2189176,09-SEP-16,95.2,95.2,AVANSAS,"MERCI 00044","VALDAS BENKUNSKAS"
2189188,07-SEP-16,71,71,AVANSAS,"MERCI 00038","VALDAS BENKUNSKAS"
2189195,07-SEP-16,7.81,7.81,AVANSAS,2016-09-07,"VALDAS BENKUNSKAS"
2202686,28-SEP-16,361.36,361.36,AVANSAS,1-90/48-09.1,"VALDAS BENKUNSKAS"
2202688,22-SEP-16,36.6,36.6,AVANSAS,"MAX 600160005037","VALDAS BENKUNSKAS"
2202691,26-SEP-16,21.22,21.22,AVANSAS,43l-00000128,"VALDAS BENKUNSKAS"
2202697,27-SEP-16,171,171,AVANSAS,"OBT 0005400","GINTAUTAS PALUCKAS"
2202702,22-SEP-16,22,22,AVANSAS,K0101108,"REMIGIJUS ŠIMAŠIUS"
2202710,28-SEP-16,28.5,28.5,AVANSAS,"PRC 11246","REMIGIJUS ŠIMAŠIUS"
2204504,06-OCT-16,220.06,220.06,KITOS_MS,373,"ŠARŪNAS SKUČAS"
2209088,05-OCT-16,299.28,299.28,AVANSAS,1-90/4-10,"RITA BALČIŪNIENĖ"
2209094,05-OCT-16,229.66,229.66,AVANSAS,1-90/5-10,"ADOMAS BUŽINSKAS"
2209103,05-OCT-16,300,300,AVANSAS,1-90/6-10,"RENATA CYTACKA"
2209110,05-OCT-16,292.23,292.23,AVANSAS,1-90/7-10,"ALGIS ČAPLIKAS"
2209115,05-OCT-16,300,300,AVANSAS,1-90/12-10,"JUOZAS IMBRASAS"
2209121,05-OCT-16,300,300,AVANSAS,1-90/13-10,"VINCAS JURGUTIS"
2209144,05-OCT-16,291.27,291.27,AVANSAS,1-90/14-10,"JAROSLAV KAMINSKI"
2209147,05-OCT-16,186.71,186.71,AVANSAS,1-90/17-10,"AUKSĖ KONTRIMIENĖ"
2209154,05-OCT-16,300,300,AVANSAS,1-90/18-10,"VAIDAS KUKARĖNAS"
2209160,05-OCT-16,300,300,AVANSAS,1-90/20-10,"PAULĖ KUZMICKIENĖ"
2209164,05-OCT-16,300,300,AVANSAS,1-90/21-10,"ARTUR LIUDKOVSKI"
2209165,05-OCT-16,300,300,AVANSAS,1-90/22-10,"MYKOLAS MAJAUSKAS"
2209167,05-OCT-16,300,300,AVANSAS,1-90/23-10,"ZBIGNIEV MACIEJEVSKI"
2209174,05-OCT-16,164.26,164.26,AVANSAS,1-90/26-10,"VYTAUTAS MITALAS"
2209177,05-OCT-16,263.84,263.84,AVANSAS,1-90/28-10,"RAFAEL MUKSINOV"
2209180,05-OCT-16,201.99,201.99,AVANSAS,1-90/29-10,"KĘSTUTIS NĖNIUS"
2209186,05-OCT-16,268.19,268.19,AVANSAS,1-90/30-10,"JUOZAS OLEKAS"
2209190,05-OCT-16,300,300,AVANSAS,1-90/31-10,"VIOLETA PODOLSKAITĖ"
2209201,05-OCT-16,300,300,AVANSAS,1-90/33-10,"GEDIMINAS RUDŽIONIS"
2209212,05-OCT-16,300,300,AVANSAS,1-90/34-10,"GŽEGOŽ SAKSON"
2209216,05-OCT-16,300,300,AVANSAS,1-90/35-10,"ARVYDAS SEKMOKAS"
2209233,05-OCT-16,300,300,AVANSAS,1-90/37-10,"ŠARŪNAS SKUČAS"
2209236,05-OCT-16,300,300,AVANSAS,1-90/38-10,"GEDIMINAS STORPIRŠTIS"
2209242,05-OCT-16,159.02,159.02,AVANSAS,1-90/39-10,"LIUTAURAS STOŠKUS"
2209246,05-OCT-16,296.64,296.64,AVANSAS,1-90/40-10,"ŽILVINAS ŠILGALIS"
2209270,05-OCT-16,300,300,AVANSAS,1-90/42-10,"ALDONA ŠVENTICKIENĖ"
2209276,05-OCT-16,300,300,AVANSAS,1-90/43-10,"GEDIMINAS ŠVILPA"
2209278,05-OCT-16,300,300,AVANSAS,1-90/44-10,"EDITA TAMOŠIŪNAITĖ"
2209280,05-OCT-16,300,300,AVANSAS,1-90/45-10,"SKIRMANTAS TUMELIS"
2209283,05-OCT-16,119.57,119.57,AVANSAS,1-90/49-10,"LINAS KVEDARAVIČIUS"
2215829,11-OCT-16,300,,AVANSAS,1-90/41-10,"EDITA ŠIŠKO"
2215856,11-OCT-16,268.96,,AVANSAS,1-90/3-10,"AUŠRINĖ ARMONAITĖ"
2215862,11-OCT-16,240.65,,AVANSAS,1-90/15-10,"JUSTINA KAŠĖTAITĖ"
2215869,11-OCT-16,83.71,,AVANSAS,1-90/29.1-10,"KĘSTUTIS NĖNIUS"
2215897,11-OCT-16,222.33,,AVANSAS,1-90/10-10,"VAIDOTAS ILGIUS"
2215899,12-OCT-16,135.84,,AVANSAS,1-90/24-10,"AUŠRA MALDEIKIENĖ"
2215901,12-OCT-16,248.78,,AVANSAS,1-90/16-10,"ANDRIUS KATINAS"
2215902,13-OCT-16,164.55,,AVANSAS,1-90/32-10,"ROMUALDA POŠEVECKAJA"
