ASIGN_VALDYTOJAS,TIEKEJAS,POZYMIS,PROGRAMA,FIN_SALTINIS,SAMATA,SASKAITOS_NR,SASKAITOS_DATA,VALIUTA,SASKAITOS_SUMA,APMOKETA,APMOKETA_IKI_EIN_METU,APMOKETA_I_KETV,APMOKETA_II_KETV,APMOKETA_III_KETV,APMOKETA_IV_KETV,PASTABA,SUT_NR_FVAS,SUT_NR_AVILYS,ITRAUK_SUMA,PAR_DATA,PAR_NR
188710061,"PALUCKAS, GINTAUTAS","Tarybos narys",16030101,01,1000012,AV2016/10,29-JAN-16,EUR,156,0,0,0,0,0,0,,-,-,,,
188710061,"PALUCKAS, GINTAUTAS","Tarybos narys",16030101,01,1000012,AV2016/143,18-MAY-16,EUR,61.9,0,0,0,0,0,0,,-,-,,,
188710061,"PALUCKAS, GINTAUTAS","Tarybos narys",16030101,01,1000012,AV2016/180,29-JUN-16,EUR,207,0,0,0,0,0,0,,-,-,,,
188710061,"ILGIUS, VAIDOTAS","Tarybos narys",16010101,01,1000002,AV2016/72,31-MAR-16,EUR,446.54,0,0,0,0,0,0,,-,-,,,
188710061,"IMBRASAS, JUOZAS","Tarybos narys",16010101,01,1000002,AV2015/292,30-JUN-15,EUR,667,0,0,0,0,0,0,,-,-,,,
188710061,"KAMINSKI, JAROSLAV","Tarybos narys",16030101,01,1000012,AV2015/191,20-APR-15,EUR,159.83,0,0,0,0,0,0,,-,-,,,
188710061,"KAMINSKI, JAROSLAV","Tarybos narys",16010101,01,1000002,AV2015/371,30-SEP-15,EUR,778.74,0,0,0,0,0,0,,-,-,,,
188710061,"KAMINSKI, JAROSLAV","Tarybos narys",16030101,01,1000012,AV2015/38,25-FEB-15,EUR,176.69,0,0,0,0,0,0,,-,-,,,
188710061,"KAMINSKI, JAROSLAV","Tarybos narys",16030101,01,1000012,AV2015/4,30-JAN-15,EUR,178.42,0,0,0,0,0,0,,-,-,,,
188710061,"KAMINSKI, JAROSLAV","Tarybos narys",16010101,01,1000002,AV2015/482,31-DEC-15,EUR,730.65,0,0,0,0,0,0,,-,-,,,
188710061,"KAMINSKI, JAROSLAV","Tarybos narys",16010101,01,1000002,AV2015/8,08-JAN-15,EUR,75.32,0,0,0,0,0,0,,-,-,,,
188710061,"KAMINSKI, JAROSLAV","Tarybos narys",16010101,01,1000002,AV2016/76,31-MAR-16,EUR,820.54,0,0,0,0,0,0,,-,-,,,
188710061,"NĖNIUS, KĘSTUTIS","Tarybos narys",16010101,01,1000002,1-1621/26-12,04-DEC-14,EUR,289.62,289.62,289.62,0,0,0,0,,-,-,,,
188710061,"MARTIKONIS, VIDMANTAS","Tarybos narys",16010101,01,1000002,AV2016/84,31-MAR-16,EUR,595.61,0,0,0,0,0,0,,-,-,,,
188710061,"BALČIŪNIENĖ, RITA","Tarybos narys",16010101,01,1000002,AV2015/280,30-JUN-15,EUR,143.5,0,0,0,0,0,0,,-,-,,,
188710061,"BENKUNSKAS, VALDAS","Tarybos narys",16030101,01,1000012,AV2015/437,02-NOV-15,EUR,172.6,0,0,0,0,0,0,,-,-,,,
188710061,"BENKUNSKAS, VALDAS","Tarybos narys",16030101,01,1000012,AV2016/142,03-MAY-16,EUR,43.1,0,0,0,0,0,0,,-,-,,,
188710061,"BENKUNSKAS, VALDAS","Tarybos narys",16030101,01,1000012,AV2016/238,14-JUL-16,EUR,30.17,0,0,0,0,0,0,,-,-,,,
188710061,"BENKUNSKAS, VALDAS","Tarybos narys",16030101,01,1000012,AV2016/6,11-JAN-16,EUR,20.9,0,0,0,0,0,0,,-,-,,,
188710061,"BENKUNSKAS, VALDAS","Tarybos narys",16010101,01,1000002,AV2016/63,31-MAR-16,EUR,333.46,0,0,0,0,0,0,,-,-,,,
188710061,"KUZMICKIENĖ, PAULĖ","Tarybos narys",16010101,01,1000002,AV2015/486,31-DEC-15,EUR,900,0,0,0,0,0,0,,-,-,,,
188710061,"SAKSON, GŽEGOŽ","Tarybos narys",16010101,01,1000002,AV2015/389,30-SEP-15,EUR,892.91,0,0,0,0,0,0,,-,-,,,
188710061,"MONKEVIČIUS, MIROSLAVAS","Tarybos narys",16010101,01,1000002,AV2016/214,30-JUN-16,EUR,859.43,0,0,0,0,0,0,,-,-,,,
188710061,"STORPIRŠTIS, GEDIMINAS","Tarybos narys",16010101,01,1000002,AV2016/225,30-JUN-16,EUR,900,0,0,0,0,0,0,,-,-,,,
188710061,"STORPIRŠTIS, GEDIMINAS","Tarybos narys",16010101,01,1000002,AV2016/96,31-MAR-16,EUR,330.02,0,0,0,0,0,0,,-,-,,,
188710061,"SKUČAS, ŠARŪNAS","Tarybos narys",16010101,01,1000002,AV2015/316,30-JUN-15,EUR,583.23,0,0,0,0,0,0,,-,-,,,
188710061,"SKUČAS, ŠARŪNAS","Tarybos narys",16010101,01,1000002,AV2016/224,30-JUN-16,EUR,863.21,0,0,0,0,0,0,,-,-,,,
188710061,"DARIUS KUOLYS","Tarybos narys",16010101,01,1000002,AV2016/207,30-JUN-16,EUR,255.57,0,0,0,0,0,0,,-,-,,,
188710061,"DARIUS KUOLYS","Tarybos narys",16010101,01,1000002,AV2016/80,31-MAR-16,EUR,167.61,0,0,0,0,0,0,,-,-,,,
188710061,"GNEUŠEV, DMITRIJ","Tarybos narys",16010101,01,1000002,AV2015/403,30-SEP-15,EUR,892.91,0,0,0,0,0,0,,-,-,,,
188710061,"JURGUTIS, VINCAS","Tarybos narys",16010101,01,1000002,AV2015/370,30-SEP-15,EUR,241.47,0,0,0,0,0,0,,-,-,,,
188710061,"JURGUTIS, VINCAS","Tarybos narys",16010101,01,1000002,AV2016/75,31-MAR-16,EUR,882.96,0,0,0,0,0,0,,-,-,,,
188710061,"KATINAS, ANDRIUS","Tarybos narys",16010101,01,1000002,AV2015/296,30-JUN-15,EUR,667,0,0,0,0,0,0,,-,-,,,
188710061,"KONTRIMIENĖ, AUKSĖ","Tarybos narys",16010101,01,1000002,AV2015/297,30-JUN-15,EUR,162.18,0,0,0,0,0,0,,-,-,,,
188710061,"KONTRIMIENĖ, AUKSĖ","Tarybos narys",16010101,01,1000002,AV2015/468,10-DEC-15,EUR,896.5,0,0,0,0,0,0,,-,-,,,
188710061,"KONTRIMIENĖ, AUKSĖ","Tarybos narys",16010101,01,1000002,AV2016/205,30-JUN-16,EUR,900,0,0,0,0,0,0,,-,-,,,
188710061,"KONTRIMIENĖ, AUKSĖ","Tarybos narys",16010101,01,1000002,AV2016/79,31-MAR-16,EUR,732.15,0,0,0,0,0,0,,-,-,,,
188710061,"TUMELIS, SKIRMANTAS","Tarybos narys",16010101,01,1000002,AV2015/325,30-JUN-15,EUR,104.6,0,0,0,0,0,0,,-,-,,,
188710061,"TUMELIS, SKIRMANTAS","Tarybos narys",16010101,01,1000002,AV2016/103,31-MAR-16,EUR,172.63,0,0,0,0,0,0,,-,-,,,
188710061,"MITALAS, VYTAUTAS","Tarybos narys",16010101,01,1000002,AV2015/381,30-SEP-15,EUR,890.84,0,0,0,0,0,0,,-,-,,,
188710061,"MITALAS, VYTAUTAS","Tarybos narys",16010101,01,1000002,AV2015/491,31-DEC-15,EUR,704.61,0,0,0,0,0,0,,-,-,,,
188710061,"MITALAS, VYTAUTAS","Tarybos narys",16010101,01,1000002,AV2016/213,30-JUN-16,EUR,839.94,0,0,0,0,0,0,,-,-,,,
188710061,"CYTACKA, RENATA","Tarybos narys",16010101,01,1000002,AV2015/287,30-JUN-15,EUR,656.45,0,0,0,0,0,0,,-,-,,,
188710061,"OLEKAS, JUOZAS","Tarybos narys",16010101,01,1000002,AV2016/89,31-MAR-16,EUR,900,0,0,0,0,0,0,,-,-,,,
188710061,"ŠIKŠTA, ARŪNAS","Tarybos narys",16010101,01,1000002,AV2015/319,30-JUN-15,EUR,667,0,0,0,0,0,0,,-,-,,,
188710061,"ŠIKŠTA, ARŪNAS","Tarybos narys",16010101,01,1000002,AV2015/510,31-DEC-15,EUR,93.85,0,0,0,0,0,0,,-,-,,,
188710061,"BUŽINSKAS, ADOMAS","Tarybos narys",16010101,01,1000002,AV2015/364,30-SEP-15,EUR,892.91,0,0,0,0,0,0,,-,-,,,
188710061,"BUŽINSKAS, ADOMAS","Tarybos narys",16010101,01,1000002,AV2015/478,31-DEC-15,EUR,872.07,0,0,0,0,0,0,,-,-,,,
188710061,"SEKMOKAS, ARVYDAS","Tarybos narys",16010101,01,1000002,AV2015/314,30-JUN-15,EUR,491.4,0,0,0,0,0,0,,-,-,,,
188710061,"SEKMOKAS, ARVYDAS","Tarybos narys",16010101,01,1000002,AV2015/465,01-DEC-15,EUR,900,0,0,0,0,0,0,,-,-,,,
188710061,"SEKMOKAS, ARVYDAS","Tarybos narys",16010101,01,1000002,AV2016/154,02-JUN-16,EUR,79.5,0,0,0,0,0,0,,-,-,,,
188710061,"POŠEVECKAJA, ROMUALDA","Tarybos narys",16010101,01,1000002,AV2016/219,30-JUN-16,EUR,900,0,0,0,0,0,0,,-,-,,,
188710061,"ŠIMAŠIUS, REMIGIJUS","Tarybos narys",16030101,01,1000063,AV2015/349,03-SEP-15,EUR,12.5,0,0,0,0,0,0,,-,-,,,
188710061,"ŠIMAŠIUS, REMIGIJUS","Tarybos narys",16030101,01,1000063,AV2015/350,03-SEP-15,EUR,21.71,0,0,0,0,0,0,,-,-,,,
188710061,"ŠIMAŠIUS, REMIGIJUS","Tarybos narys",16030101,01,1000063,AV2015/442,13-NOV-15,EUR,26.14,0,0,0,0,0,0,,-,-,,,
188710061,"ŠIMAŠIUS, REMIGIJUS","Tarybos narys",16030101,01,1000063,AV2016/124,25-APR-16,EUR,22,0,0,0,0,0,0,,-,-,,,
188710061,"ŠIMAŠIUS, REMIGIJUS","Tarybos narys",16030101,01,1000063,AV2016/185,13-JUN-16,EUR,22,0,0,0,0,0,0,,-,-,,,
188710061,"ŠIMAŠIUS, REMIGIJUS","Tarybos narys",16030101,01,1000063,AV2016/187,17-JUN-16,EUR,32.95,0,0,0,0,0,0,,-,-,,,
188710061,"PODOLSKAITĖ, VIOLETA","Tarybos narys",16010101,01,1000002,AV2015/386,30-SEP-15,EUR,892.91,0,0,0,0,0,0,,-,-,,,
188710061,"PODOLSKAITĖ, VIOLETA","Tarybos narys",16010101,01,1000002,AV2016/170,08-JUN-16,EUR,22,0,0,0,0,0,0,,-,-,,,
188710061,"RUDŽIONIS, GEDIMINAS","Tarybos narys",16010101,01,1000002,AV2015/141,31-MAR-15,EUR,870,0,0,0,0,0,0,,-,-,,,
188710061,"KAMINSKI, JAROSLAV","Tarybos narys",16030101,01,1000012,AV2015-4.3,30-APR-15,EUR,.29,0,0,0,0,0,0,,-,-,,,
188710061,"KAMINSKI, JAROSLAV","Tarybos narys",16010101,01,1000002,AV2015/113,25-MAR-15,EUR,658.93,0,0,0,0,0,0,,-,-,,,
188710061,"KAMINSKI, JAROSLAV","Tarybos narys",16010101,01,1000002,AV2015/30,09-FEB-15,EUR,66.96,0,0,0,0,0,0,,-,-,,,
188710061,"KAMINSKI, JAROSLAV","Tarybos narys",16010101,01,1000002,AV2016/202,30-JUN-16,EUR,900,0,0,0,0,0,0,,-,-,,,
188710061,"KAMINSKI, JAROSLAV","Tarybos narys",16030101,01,1000012,"SKA 2014/00979",09-DEC-14,EUR,43.44,43.44,43.44,0,0,0,0,,-,-,,,
188710061,"NĖNIUS, KĘSTUTIS","Tarybos narys",16010101,01,1000002,AV2015/308,30-JUN-15,EUR,811.52,0,0,0,0,0,0,,-,-,,,
188710061,"NĖNIUS, KĘSTUTIS","Tarybos narys",16010101,01,1000002,AV2015/63,16-MAR-15,EUR,274.5,0,0,0,0,0,0,,-,-,,,
188710061,"ZUOKAS, ARTŪRAS","Tarybos narys",16030101,01,1000063,AV2015/196,15-APR-15,EUR,304,0,0,0,0,0,0,,-,-,,,
188710061,"ZUOKAS, ARTŪRAS","Tarybos narys",16010101,01,1000002,AV2015/327,30-JUN-15,EUR,421.33,0,0,0,0,0,0,,-,-,,,
188710061,"ZUOKAS, ARTŪRAS","Tarybos narys",16030101,01,1000063,"SUES 4345A",31-JUL-14,EUR,56.48,56.48,56.48,0,0,0,0,,-,-,,,
188710061,"ŠIŠKO, EDITA","Tarybos narys",16010101,01,1000002,AV2015/321,30-JUN-15,EUR,667,0,0,0,0,0,0,,-,-,,,
188710061,"ŠIŠKO, EDITA","Tarybos narys",16010101,01,1000002,AV2016/228,30-JUN-16,EUR,900,0,0,0,0,0,0,,-,-,,,
188710061,"ŠIŠKO, EDITA","Tarybos narys",16010101,01,1000002,AV2016/99,31-MAR-16,EUR,900,0,0,0,0,0,0,,-,-,,,
188710061,"URBONAVIČIUS, VIDAS","Tarybos narys",16010101,01,1000002,AV2015/326,30-JUN-15,EUR,665.35,0,0,0,0,0,0,,-,-,,,
188710061,"MARTIKONIS, VIDMANTAS","Tarybos narys",16010101,01,1000002,AV2015/490,31-DEC-15,EUR,601.85,0,0,0,0,0,0,,-,-,,,
188710061,"BALČIŪNIENĖ, RITA","Tarybos narys",16010101,01,1000002,AV2015/363,30-SEP-15,EUR,892.91,0,0,0,0,0,0,,-,-,,,
188710061,"BALČIŪNIENĖ, RITA","Tarybos narys",16010101,01,1000002,AV2016/193,30-JUN-16,EUR,898.8,0,0,0,0,0,0,,-,-,,,
188710061,"BALČIŪNIENĖ, RITA","Tarybos narys",16010101,01,1000002,AV2016/67,31-MAR-16,EUR,900,0,0,0,0,0,0,,-,-,,,
188710061,"BENKUNSKAS, VALDAS","Tarybos narys",16030101,01,1000012,AV2016/237,04-JUL-16,EUR,122.55,0,0,0,0,0,0,,-,-,,,
188710061,"BENKUNSKAS, VALDAS","Tarybos narys",16030101,01,1000012,AV2016/7,14-JAN-16,EUR,134,0,0,0,0,0,0,,-,-,,,
188710061,"KUZMICKIENĖ, PAULĖ","Tarybos narys",16010101,01,1000002,AV2015/376,30-SEP-15,EUR,892.91,0,0,0,0,0,0,,-,-,,,
188710061,"KUZMICKIENĖ, PAULĖ","Tarybos narys",16010101,01,1000002,AV2016/208,30-JUN-16,EUR,900,0,0,0,0,0,0,,-,-,,,
188710061,"STORPIRŠTIS, GEDIMINAS","Tarybos narys",16010101,01,1000002,AV2015/501,31-DEC-15,EUR,480.33,0,0,0,0,0,0,,-,-,,,
188710061,"SKUČAS, ŠARŪNAS","Tarybos narys",16010101,01,1000002,AV2015/392,30-SEP-15,EUR,892.91,0,0,0,0,0,0,,-,-,,,
188710061,"KAŠĖTAITĖ, JUSTINA","Tarybos narys",16010101,01,1000002,AV2016/203,30-JUN-16,EUR,900,0,0,0,0,0,0,,-,-,,,
188710061,"KATINAS, ANDRIUS","Tarybos narys",16010101,01,1000002,AV2015/373,30-SEP-15,EUR,892.91,0,0,0,0,0,0,,-,-,,,
188710061,"KATINAS, ANDRIUS","Tarybos narys",16010101,01,1000002,AV2016/204,30-JUN-16,EUR,847.06,0,0,0,0,0,0,,-,-,,,
188710061,"KONTRIMIENĖ, AUKSĖ","Tarybos narys",16010101,01,1000002,AV2015/374,30-SEP-15,EUR,264.38,0,0,0,0,0,0,,-,-,,,
188710061,"TUMELIS, SKIRMANTAS","Tarybos narys",16010101,01,1000002,AV2016/232,30-JUN-16,EUR,433.21,0,0,0,0,0,0,,-,-,,,
188710061,"MITALAS, VYTAUTAS","Tarybos narys",16010101,01,1000002,AV2015/305,30-JUN-15,EUR,476.43,0,0,0,0,0,0,,-,-,,,
188710061,"CYTACKA, RENATA","Tarybos narys",16010101,01,1000002,AV2015/479,31-DEC-15,EUR,900,0,0,0,0,0,0,,-,-,,,
188710061,"ŠVENTICKIENĖ, ALDONA","Tarybos narys",16010101,01,1000002,AV2016/100,31-MAR-16,EUR,900,0,0,0,0,0,0,,-,-,,,
188710061,"IMBRASAS, AUDRONIS","Tarybos narys",16010101,01,1000002,AV2016/73,31-MAR-16,EUR,182,0,0,0,0,0,0,,-,-,,,
188710061,"MALDEIKIENĖ, AUŠRA","Tarybos narys",16010101,01,1000002,AV2015/379,30-SEP-15,EUR,807,0,0,0,0,0,0,,-,-,,,
188710061,"MAJAUSKAS, MYKOLAS","Tarybos narys",16010101,01,1000002,AV2015/377,30-SEP-15,EUR,892.91,0,0,0,0,0,0,,-,-,,,
188710061,"MAJAUSKAS, MYKOLAS","Tarybos narys",16010101,01,1000002,AV2015/487,31-DEC-15,EUR,900,0,0,0,0,0,0,,-,-,,,
188710061,"MAJAUSKAS, MYKOLAS","Tarybos narys",16010101,01,1000002,AV2016/209,30-JUN-16,EUR,900,0,0,0,0,0,0,,-,-,,,
188710061,"OLEKAS, JUOZAS","Tarybos narys",16010101,01,1000002,AV2016/217,30-JUN-16,EUR,900,0,0,0,0,0,0,,-,-,,,
188710061,"ŠIKŠTA, ARŪNAS","Tarybos narys",16010101,01,1000002,AV2016-04.2,26-APR-16,EUR,799.06,0,0,0,0,0,0,,-,-,,,
188710061,"SEKMOKAS, ARVYDAS","Tarybos narys",16010101,01,1000002,AV2016/222,30-JUN-16,EUR,900,0,0,0,0,0,0,,-,-,,,
188710061,"POŠEVECKAJA, ROMUALDA","Tarybos narys",16010101,01,1000002,AV2015/311,30-JUN-15,EUR,667,0,0,0,0,0,0,,-,-,,,
188710061,"ŠIMAŠIUS, REMIGIJUS","Tarybos narys",16030101,01,1000063,AV2015/257,19-MAY-15,EUR,41.55,0,0,0,0,0,0,,-,-,,,
188710061,"ŠIMAŠIUS, REMIGIJUS","Tarybos narys",16010101,01,1000002,AV2015/415,22-OCT-15,EUR,307.5,0,0,0,0,0,0,,-,-,,,
188710061,"ŠIMAŠIUS, REMIGIJUS","Tarybos narys",16030101,01,1000063,AV2015/420,06-OCT-15,EUR,12.67,0,0,0,0,0,0,,-,-,,,
188710061,"ŠIMAŠIUS, REMIGIJUS","Tarybos narys",16030101,01,1000063,AV2015/421,06-OCT-15,EUR,23.06,0,0,0,0,0,0,,-,-,,,
188710061,"ŠIMAŠIUS, REMIGIJUS","Tarybos narys",16030101,01,1000063,AV2015/424,23-OCT-15,EUR,38.27,0,0,0,0,0,0,,-,-,,,
188710061,"ŠIMAŠIUS, REMIGIJUS","Tarybos narys",16030101,01,1000063,AV2015/463,15-DEC-15,EUR,43.56,0,0,0,0,0,0,,-,-,,,
188710061,"ŠIMAŠIUS, REMIGIJUS","Tarybos narys",16010101,01,1000002,AV2016/43,18-MAR-16,EUR,142.5,0,0,0,0,0,0,,-,-,,,
188710061,"KVEDARAVIČIUS, LINAS","Tarybos narys",16010101,01,1000002,AV2015/283,30-JUN-15,EUR,161.37,0,0,0,0,0,0,,-,-,,,
188710061,"KVEDARAVIČIUS, LINAS","Tarybos narys",16030101,01,1000012,AV2015/439,23-NOV-15,EUR,31.61,0,0,0,0,0,0,,-,-,,,
188710061,"KVEDARAVIČIUS, LINAS","Tarybos narys",16030101,01,1000012,AV2015/455,23-DEC-15,EUR,80.4,0,0,0,0,0,0,,-,-,,,
188710061,"KVEDARAVIČIUS, LINAS","Tarybos narys",16010101,01,1000002,AV2015/474,31-DEC-15,EUR,49.85,0,0,0,0,0,0,,-,-,,,
188710061,"KVEDARAVIČIUS, LINAS","Tarybos narys",16010101,01,1000002,AV2016/131,26-APR-16,EUR,94.02,0,0,0,0,0,0,,-,-,,,
188710061,"KVEDARAVIČIUS, LINAS","Tarybos narys",16010101,01,1000002,AV2016/30,29-FEB-16,EUR,113.2,0,0,0,0,0,0,,-,-,,,
188710061,"KVEDARAVIČIUS, LINAS","Tarybos narys",16030101,01,1000012,AV2016/52,18-MAR-16,EUR,64.06,0,0,0,0,0,0,,-,-,,,
188710061,"PODOLSKAITĖ, VIOLETA","Tarybos narys",16010101,01,1000002,AV2015/355,07-SEP-15,EUR,133,0,0,0,0,0,0,,-,-,,,
188710061,"PODOLSKAITĖ, VIOLETA","Tarybos narys",16010101,01,1000002,AV2016/218,30-JUN-16,EUR,900,0,0,0,0,0,0,,-,-,,,
188710061,"PALUCKAS, GINTAUTAS","Tarybos narys",16010101,01,1000002,AV2015/419,28-OCT-15,EUR,78,0,0,0,0,0,0,,-,-,,,
188710061,"LIUDKOVSKI, ARTUR","Tarybos narys",16010101,01,1000002,AV2015/300,30-JUN-15,EUR,665.47,0,0,0,0,0,0,,-,-,,,
188710061,"ILGIUS, VAIDOTAS","Tarybos narys",16010101,01,1000002,AV2015/290,30-JUN-15,EUR,108.47,0,0,0,0,0,0,,-,-,,,
188710061,"KAMINSKI, JAROSLAV","Tarybos narys",16010101,01,1000002,AV2015/19,09-FEB-15,EUR,107.26,0,0,0,0,0,0,,-,-,,,
188710061,"KAMINSKI, JAROSLAV","Tarybos narys",16010101,01,1000002,AV2015/294,30-JUN-15,EUR,655.74,0,0,0,0,0,0,,-,-,,,
188710061,"KAMINSKI, JAROSLAV","Tarybos narys",16010101,01,1000002,AV2015/57,16-MAR-15,EUR,313.5,0,0,0,0,0,0,,-,-,,,
188710061,"KAMINSKI, JAROSLAV","Tarybos narys",16010101,01,1000002,AV2015/73,23-MAR-15,EUR,141.68,0,0,0,0,0,0,,-,-,,,
188710061,"KAMINSKI, JAROSLAV","Tarybos narys",16030101,01,1000012,"SAK 0002218",06-NOV-14,EUR,122.8,122.8,122.8,0,0,0,0,,-,-,,,
188710061,"NĖNIUS, KĘSTUTIS","Tarybos narys",16010101,01,1000002,1-1621/26-11,05-NOV-14,EUR,5.81,5.81,5.81,0,0,0,0,,-,-,,,
188710061,"ZUOKAS, ARTŪRAS","Tarybos narys",16030101,01,1000063,AV2015/197,21-APR-15,EUR,1000,0,0,0,0,0,0,,-,-,,,
188710061,"ZUOKAS, ARTŪRAS","Tarybos narys",16010101,01,1000002,AV2015/508,31-DEC-15,EUR,900,0,0,0,0,0,0,,-,-,,,
188710061,"ZUOKAS, ARTŪRAS","Tarybos narys",16010101,01,1000002,AV2015/86,30-MAR-15,EUR,142.5,0,0,0,0,0,0,,-,-,,,
188710061,"ZUOKAS, ARTŪRAS","Tarybos narys",16030101,01,1000063,AV2015/94,17-MAR-15,EUR,72,0,0,0,0,0,0,,-,-,,,
188710061,"ZUOKAS, ARTŪRAS","Tarybos narys",16030101,01,1000063,AV2015/97,23-MAR-15,EUR,347.54,0,0,0,0,0,0,,-,-,,,
188710061,"ZUOKAS, ARTŪRAS","Tarybos narys",16030101,01,1000063,AV2015/98,30-MAR-15,EUR,132,0,0,0,0,0,0,,-,-,,,
188710061,"ZUOKAS, ARTŪRAS","Tarybos narys",16030101,01,1000063,"MAX 200140003794",12-NOV-14,EUR,26.09,26.09,26.09,0,0,0,0,,-,-,,,
188710061,"TAMOŠIŪNAITĖ, EDITA","Tarybos narys",16010101,01,1000002,AV2015/324,30-JUN-15,EUR,667,0,0,0,0,0,0,,-,-,,,
188710061,"ŠVILPA, GEDIMINAS","Tarybos narys",16010101,01,1000002,1-1621/37-12,04-DEC-14,EUR,27.63,27.63,27.63,0,0,0,0,,-,-,,,
188710061,"SKARUPSKAS, MARIUS","Tarybos narys",16010101,01,1000002,AV2016/223,30-JUN-16,EUR,588.04,0,0,0,0,0,0,,-,-,,,
188710061,"MACIEJEVSKI, ZBIGNIEV","Tarybos narys",16010101,01,1000002,AV2016/210,30-JUN-16,EUR,900,0,0,0,0,0,0,,-,-,,,
188710061,"BALČIŪNIENĖ, RITA","Tarybos narys",16010101,01,1000002,AV2015/285,30-JUN-15,EUR,663.66,0,0,0,0,0,0,,-,-,,,
188710061,"BALČIŪNIENĖ, RITA","Tarybos narys",16010101,01,1000002,AV2015/477,31-DEC-15,EUR,896.77,0,0,0,0,0,0,,-,-,,,
188710061,"BENKUNSKAS, VALDAS","Tarybos narys",16010101,01,1000002,AV2015/255,31-MAY-15,EUR,205.58,0,0,0,0,0,0,,-,-,,,
188710061,"BENKUNSKAS, VALDAS","Tarybos narys",16030101,01,1000012,AV2015/330,02-JUL-15,EUR,101.1,0,0,0,0,0,0,,-,-,,,
188710061,"BENKUNSKAS, VALDAS","Tarybos narys",16010101,01,1000002,AV2016/17,29-JAN-16,EUR,134.33,0,0,0,0,0,0,,-,-,,,
188710061,"KUZMICKIENĖ, PAULĖ","Tarybos narys",16010101,01,1000002,AV2015/299,30-JUN-15,EUR,870,0,0,0,0,0,0,,-,-,,,
188710061,"SAKSON, GŽEGOŽ","Tarybos narys",16010101,01,1000002,AV2015/313,30-JUN-15,EUR,861.23,0,0,0,0,0,0,,-,-,,,
188710061,"SAKSON, GŽEGOŽ","Tarybos narys",16010101,01,1000002,AV2016/221,30-JUN-16,EUR,900,0,0,0,0,0,0,,-,-,,,
188710061,"MONKEVIČIUS, MIROSLAVAS","Tarybos narys",16010101,01,1000002,AV2015/492,31-DEC-15,EUR,887.7,0,0,0,0,0,0,,-,-,,,
188710061,"MONKEVIČIUS, MIROSLAVAS","Tarybos narys",16010101,01,1000002,AV2016/86,31-MAR-16,EUR,900,0,0,0,0,0,0,,-,-,,,
188710061,"KAŠĖTAITĖ, JUSTINA","Tarybos narys",16010101,01,1000002,AV2015/372,30-SEP-15,EUR,892.91,0,0,0,0,0,0,,-,-,,,
188710061,"KAŠĖTAITĖ, JUSTINA","Tarybos narys",16010101,01,1000002,AV2016/77,31-MAR-16,EUR,839.13,0,0,0,0,0,0,,-,-,,,
188710061,"GNEUŠEV, DMITRIJ","Tarybos narys",16010101,01,1000002,AV2016-06,30-JUN-16,EUR,264.74,0,0,0,0,0,0,,-,-,,,
188710061,"ARMONAITĖ, AUŠRINĖ","Tarybos narys",16010101,01,1000002,AV2015/362,30-SEP-15,EUR,610.5,0,0,0,0,0,0,,-,-,,,
188710061,"ARMONAITĖ, AUŠRINĖ","Tarybos narys",16010101,01,1000002,AV2016/27,11-FEB-16,EUR,122.5,0,0,0,0,0,0,,-,-,,,
188710061,"ARMONAITĖ, AUŠRINĖ","Tarybos narys",16010101,01,1000002,AV2016/66,31-MAR-16,EUR,900,0,0,0,0,0,0,,-,-,,,
188710061,"ŠVENTICKIENĖ, ALDONA","Tarybos narys",16010101,01,1000002,AV2015/397,30-SEP-15,EUR,891.91,0,0,0,0,0,0,,-,-,,,
188710061,"KUKARĖNAS, VAIDAS","Tarybos narys",16010101,01,1000002,AV2015/375,30-SEP-15,EUR,892.91,0,0,0,0,0,0,,-,-,,,
188710061,"KUKARĖNAS, VAIDAS","Tarybos narys",16010101,01,1000002,AV2015/485,31-DEC-15,EUR,900,0,0,0,0,0,0,,-,-,,,
188710061,"STOŠKUS, LIUTAURAS","Tarybos narys",16010101,01,1000002,AV2015/394,30-SEP-15,EUR,538.04,0,0,0,0,0,0,,-,-,,,
188710061,"OLEKAS, JUOZAS","Tarybos narys",16010101,01,1000002,AV2015/309,30-JUN-15,EUR,667,0,0,0,0,0,0,,-,-,,,
188710061,"MUKSINOV, RAFAEL","Tarybos narys",16010101,01,1000002,AV2015/307,30-JUN-15,EUR,425.08,0,0,0,0,0,0,,-,-,,,
188710061,"ŠIMAŠIUS, REMIGIJUS","Tarybos narys",16010101,01,1000002,AV2016/118,22-APR-16,EUR,81,0,0,0,0,0,0,,-,-,,,
188710061,"ŠIMAŠIUS, REMIGIJUS","Tarybos narys",16030101,01,1000063,AV2016/14,05-JAN-16,EUR,22,0,0,0,0,0,0,,-,-,,,
188710061,"ŠIMAŠIUS, REMIGIJUS","Tarybos narys",16030101,01,1000063,AV2016/35,18-FEB-16,EUR,66.37,0,0,0,0,0,0,,-,-,,,
188710061,"KVEDARAVIČIUS, LINAS","Tarybos narys",16010101,01,1000002,AV2015/446,30-NOV-15,EUR,130.53,0,0,0,0,0,0,,-,-,,,
188710061,"KVEDARAVIČIUS, LINAS","Tarybos narys",16010101,01,1000002,AV2016/150,31-MAY-16,EUR,167.2,0,0,0,0,0,0,,-,-,,,
188710061,"KVEDARAVIČIUS, LINAS","Tarybos narys",16010101,01,1000002,AV2016/18,29-JAN-16,EUR,94.39,0,0,0,0,0,0,,-,-,,,
188710061,"PODOLSKAITĖ, VIOLETA","Tarybos narys",16010101,01,1000002,AV2015/140,31-MAR-15,EUR,870,0,0,0,0,0,0,,-,-,,,
188710061,"PODOLSKAITĖ, VIOLETA","Tarybos narys",16010101,01,1000002,AV2015/310,30-JUN-15,EUR,870,0,0,0,0,0,0,,-,-,,,
188710061,"PALUCKAS, GINTAUTAS","Tarybos narys",16030101,01,1000012,AV2016/31,10-FEB-16,EUR,123,0,0,0,0,0,0,,-,-,,,
188710061,"LIUDKOVSKI, ARTUR","Tarybos narys",16010101,01,1000002,AV2015/467,08-DEC-15,EUR,900,0,0,0,0,0,0,,-,-,,,
188710061,"LIUDKOVSKI, ARTUR","Tarybos narys",16010101,01,1000002,AV2016/61,09-MAR-16,EUR,900,0,0,0,0,0,0,,-,-,,,
188710061,"RUDŽIONIS, GEDIMINAS","Tarybos narys",16010101,01,1000002,AV2015/388,30-SEP-15,EUR,892.91,0,0,0,0,0,0,,-,-,,,
188710061,"RUDŽIONIS, GEDIMINAS","Tarybos narys",16010101,01,1000002,AV2016/220,30-JUN-16,EUR,900,0,0,0,0,0,0,,-,-,,,
188710061,"KAMINSKI, JAROSLAV","Tarybos narys",16010101,01,1000002,AV2015/112,06-MAR-15,EUR,68.79,0,0,0,0,0,0,,-,-,,,
188710061,"KAMINSKI, JAROSLAV","Tarybos narys",16030101,01,1000012,AV2015/39,25-FEB-15,EUR,111.63,0,0,0,0,0,0,,-,-,,,
188710061,"ZUOKAS, ARTŪRAS","Tarybos narys",16030101,01,1000063,AV2015/33,09-FEB-15,EUR,104.36,0,0,0,0,0,0,,-,-,,,
188710061,"ZUOKAS, ARTŪRAS","Tarybos narys",16010101,01,1000002,AV2016/105,31-MAR-16,EUR,318.79,0,0,0,0,0,0,,-,-,,,
188710061,"ZUOKAS, ARTŪRAS","Tarybos narys",16030101,01,1000063,"VIL 1725",21-OCT-14,EUR,101.64,101.64,101.64,0,0,0,0,,-,-,,,
188710061,"ŠVILPA, GEDIMINAS","Tarybos narys",16010101,01,1000002,AV2015/398,30-SEP-15,EUR,820.26,0,0,0,0,0,0,,-,-,,,
188710061,"URBONAVIČIUS, VIDAS","Tarybos narys",16010101,01,1000002,AV2015/507,31-DEC-15,EUR,900,0,0,0,0,0,0,,-,-,,,
188710061,"URBONAVIČIUS, VIDAS","Tarybos narys",16010101,01,1000002,AV2016/104,31-MAR-16,EUR,900,0,0,0,0,0,0,,-,-,,,
188710061,"ŠILGALIS, ŽILVINAS","Tarybos narys",16010101,01,1000002,AV2015/320,30-JUN-15,EUR,870,0,0,0,0,0,0,,-,-,,,
188710061,"MACIEJEVSKI, ZBIGNIEV","Tarybos narys",16010101,01,1000002,AV2015/488,31-DEC-15,EUR,896.07,0,0,0,0,0,0,,-,-,,,
188710061,"BENKUNSKAS, VALDAS","Tarybos narys",16010101,01,1000002,AV2015/338,31-AUG-15,EUR,364.01,0,0,0,0,0,0,,-,-,,,
188710061,"BENKUNSKAS, VALDAS","Tarybos narys",16030101,01,1000012,AV2016/179,16-JUN-16,EUR,56,0,0,0,0,0,0,,-,-,,,
188710061,"BENKUNSKAS, VALDAS","Tarybos narys",16010101,01,1000002,AV2016/189,30-JUN-16,EUR,581.9,0,0,0,0,0,0,,-,-,,,
188710061,"BENKUNSKAS, VALDAS","Tarybos narys",16010101,01,1000002,AV2016/29,29-FEB-16,EUR,190.63,0,0,0,0,0,0,,-,-,,,
188710061,"KUZMICKIENĖ, PAULĖ","Tarybos narys",16010101,01,1000002,AV2016/81,31-MAR-16,EUR,900,0,0,0,0,0,0,,-,-,,,
188710061,"SAKSON, GŽEGOŽ","Tarybos narys",16010101,01,1000002,AV2015/498,31-DEC-15,EUR,900,0,0,0,0,0,0,,-,-,,,
188710061,"MONKEVIČIUS, MIROSLAVAS","Tarybos narys",16010101,01,1000002,AV2015/306,30-JUN-15,EUR,667,0,0,0,0,0,0,,-,-,,,
188710061,"STORPIRŠTIS, GEDIMINAS","Tarybos narys",16010101,01,1000002,AV2015/317,30-JUN-15,EUR,667,0,0,0,0,0,0,,-,-,,,
188710061,"GNEUŠEV, DMITRIJ","Tarybos narys",16010101,01,1000002,AV2016/71,31-MAR-16,EUR,300.26,0,0,0,0,0,0,,-,-,,,
188710061,"JURGUTIS, VINCAS","Tarybos narys",16010101,01,1000002,AV2015/481,31-DEC-15,EUR,353.65,0,0,0,0,0,0,,-,-,,,
188710061,"ČAPLIKAS, ALGIS","Tarybos narys",16010101,01,1000002,AV2015/288,30-JUN-15,EUR,667,0,0,0,0,0,0,,-,-,,,
188710061,"ČAPLIKAS, ALGIS","Tarybos narys",16010101,01,1000002,AV2015/472,29-DEC-15,EUR,900,0,0,0,0,0,0,,-,-,,,
188710061,"ČAPLIKAS, ALGIS","Tarybos narys",16010101,01,1000002,AV2016/196,30-JUN-16,EUR,900,0,0,0,0,0,0,,-,-,,,
188710061,"MITALAS, VYTAUTAS","Tarybos narys",16010101,01,1000002,AV2016/85,31-MAR-16,EUR,893.08,0,0,0,0,0,0,,-,-,,,
188710061,"CYTACKA, RENATA","Tarybos narys",16010101,01,1000002,AV2016/195,30-JUN-16,EUR,900,0,0,0,0,0,0,,-,-,,,
188710061,"IMBRASAS, AUDRONIS","Tarybos narys",16010101,01,1000002,AV2016/199,30-JUN-16,EUR,184.2,0,0,0,0,0,0,,-,-,,,
188710061,"KUKARĖNAS, VAIDAS","Tarybos narys",16010101,01,1000002,AV2016/206,30-JUN-16,EUR,900,0,0,0,0,0,0,,-,-,,,
188710061,"MALDEIKIENĖ, AUŠRA","Tarybos narys",16010101,01,1000002,AV2015/489,31-DEC-15,EUR,321.47,0,0,0,0,0,0,,-,-,,,
188710061,"MALDEIKIENĖ, AUŠRA","Tarybos narys",16010101,01,1000002,AV2016/83,31-MAR-16,EUR,745.27,0,0,0,0,0,0,,-,-,,,
188710061,"OLEKAS, JUOZAS","Tarybos narys",16010101,01,1000002,AV2015/385,30-SEP-15,EUR,892.91,0,0,0,0,0,0,,-,-,,,
188710061,"OLEKAS, JUOZAS","Tarybos narys",16010101,01,1000002,AV2015/494,31-DEC-15,EUR,900,0,0,0,0,0,0,,-,-,,,
188710061,"SEKMOKAS, ARVYDAS","Tarybos narys",16010101,01,1000002,AV2015/390,30-SEP-15,EUR,892.91,0,0,0,0,0,0,,-,-,,,
188710061,"SEKMOKAS, ARVYDAS","Tarybos narys",16010101,01,1000002,AV2016/28.1,22-FEB-16,EUR,105,0,0,0,0,0,0,,-,-,,,
188710061,"SEKMOKAS, ARVYDAS","Tarybos narys",16010101,01,1000002,AV2016/94,31-MAR-16,EUR,900,0,0,0,0,0,0,,-,-,,,
188710061,"ŠIMAŠIUS, REMIGIJUS","Tarybos narys",16030101,01,1000063,AV2015/422,06-OCT-15,EUR,19.58,0,0,0,0,0,0,,-,-,,,
188710061,"ŠIMAŠIUS, REMIGIJUS","Tarybos narys",16010101,01,1000002,AV2015/431,26-NOV-15,EUR,57,0,0,0,0,0,0,,-,-,,,
188710061,"ŠIMAŠIUS, REMIGIJUS","Tarybos narys",16030101,01,1000063,AV2015/462,10-DEC-15,EUR,22.11,0,0,0,0,0,0,,-,-,,,
188710061,"ŠIMAŠIUS, REMIGIJUS","Tarybos narys",16010101,01,1000002,AV2016/25,08-FEB-16,EUR,57,0,0,0,0,0,0,,-,-,,,
188710061,"ŠIMAŠIUS, REMIGIJUS","Tarybos narys",16030101,01,1000063,AV2016/51,08-MAR-16,EUR,19.47,0,0,0,0,0,0,,-,-,,,
188710061,"KVEDARAVIČIUS, LINAS","Tarybos narys",16030101,01,1000012,AV2016/8,05-JAN-16,EUR,58.49,0,0,0,0,0,0,,-,-,,,
188710061,"PODOLSKAITĖ, VIOLETA","Tarybos narys",16010101,01,1000002,AV2015/495,31-DEC-15,EUR,900,0,0,0,0,0,0,,-,-,,,
188710061,"PALUCKAS, GINTAUTAS","Tarybos narys",16030101,01,1000012,AV2016/127,26-APR-16,EUR,225,0,0,0,0,0,0,,-,-,,,
188710061,"PALUCKAS, GINTAUTAS","Tarybos narys",16030101,01,1000012,AV2016/53,22-MAR-16,EUR,54.8,0,0,0,0,0,0,,-,-,,,
188710061,"PALUCKAS, GINTAUTAS","Tarybos narys",16030101,01,1000012,AV2016/54,22-MAR-16,EUR,64.06,0,0,0,0,0,0,,-,-,,,
188710061,"ILGIUS, VAIDOTAS","Tarybos narys",16010101,01,1000002,AV2015/367,30-SEP-15,EUR,657.78,0,0,0,0,0,0,,-,-,,,
188710061,"IMBRASAS, JUOZAS","Tarybos narys",16010101,01,1000002,AV2015/369,30-SEP-15,EUR,892.91,0,0,0,0,0,0,,-,-,,,
188710061,"KAMINSKI, JAROSLAV","Tarybos narys",16010101,01,1000002,AV2015/268,05-JUN-15,EUR,95,0,0,0,0,0,0,,-,-,,,
188710061,"KAMINSKI, JAROSLAV","Tarybos narys",16030101,01,1000012,AV2015/5,30-JAN-15,EUR,110,0,0,0,0,0,0,,-,-,,,
188710061,"NĖNIUS, KĘSTUTIS","Tarybos narys",16030101,01,1000012,AV2015/261,01-JUN-15,EUR,30.82,0,0,0,0,0,0,,-,-,,,
188710061,"NĖNIUS, KĘSTUTIS","Tarybos narys",16010101,01,1000002,AV2016/216,30-JUN-16,EUR,900,0,0,0,0,0,0,,-,-,,,
188710061,"NĖNIUS, KĘSTUTIS","Tarybos narys",16010101,01,1000002,AV2016/88,31-MAR-16,EUR,900,0,0,0,0,0,0,,-,-,,,
188710061,"ZUOKAS, ARTŪRAS","Tarybos narys",16030101,01,1000063,AV2015-4.1,30-APR-15,EUR,377.83,0,0,0,0,0,0,,-,-,,,
188710061,"ZUOKAS, ARTŪRAS","Tarybos narys",16030101,01,1000063,AV2015/100,31-MAR-15,EUR,130.65,0,0,0,0,0,0,,-,-,,,
188710061,"ZUOKAS, ARTŪRAS","Tarybos narys",16030101,01,1000063,AV2015/34,09-FEB-15,EUR,61.41,0,0,0,0,0,0,,-,-,,,
188710061,"ZUOKAS, ARTŪRAS","Tarybos narys",16030101,01,1000063,AV2015/36,17-FEB-15,EUR,235.3,0,0,0,0,0,0,,-,-,,,
188710061,"ZUOKAS, ARTŪRAS","Tarybos narys",16030101,01,1000063,AV2015/37,20-FEB-15,EUR,142.37,0,0,0,0,0,0,,-,-,,,
188710061,"ZUOKAS, ARTŪRAS","Tarybos narys",16030101,01,1000063,AV2015/93,17-MAR-15,EUR,85,0,0,0,0,0,0,,-,-,,,
188710061,"ZUOKAS, ARTŪRAS","Tarybos narys",16030101,01,1000063,AV2015/96,17-MAR-15,EUR,48.9,0,0,0,0,0,0,,-,-,,,
188710061,"ZUOKAS, ARTŪRAS","Tarybos narys",16030101,01,1000063,AV2015/99,30-MAR-15,EUR,15,0,0,0,0,0,0,,-,-,,,
188710061,"ZUOKAS, ARTŪRAS","Tarybos narys",16010101,01,1000002,AV2016/234,30-JUN-16,EUR,808.28,0,0,0,0,0,0,,-,-,,,
188710061,"ZUOKAS, ARTŪRAS","Tarybos narys",16030101,01,1000063,"VIL 1769",17-NOV-14,EUR,36.67,36.67,36.67,0,0,0,0,,-,-,,,
188710061,"ZUOKAS, ARTŪRAS","Tarybos narys",16030101,01,1000063,VIL02315,19-NOV-14,EUR,112.95,112.95,112.95,0,0,0,0,,-,-,,,
188710061,"TAMOŠIŪNAITĖ, EDITA","Tarybos narys",16010101,01,1000002,AV2016/136,17-MAY-16,EUR,110,0,0,0,0,0,0,,-,-,,,
188710061,"ŠVILPA, GEDIMINAS","Tarybos narys",16010101,01,1000002,AV2015/505,31-DEC-15,EUR,900,0,0,0,0,0,0,,-,-,,,
188710061,"SKARUPSKAS, MARIUS","Tarybos narys",16010101,01,1000002,AV2015/315,30-JUN-15,EUR,317.76,0,0,0,0,0,0,,-,-,,,
188710061,"SKARUPSKAS, MARIUS","Tarybos narys",16010101,01,1000002,AV2015/499,31-DEC-15,EUR,865.08,0,0,0,0,0,0,,-,-,,,
188710061,"ŠILGALIS, ŽILVINAS","Tarybos narys",16010101,01,1000002,AV2015/395,30-SEP-15,EUR,892.91,0,0,0,0,0,0,,-,-,,,
188710061,"MACIEJEVSKI, ZBIGNIEV","Tarybos narys",16010101,01,1000002,AV2015/135,31-MAR-15,EUR,870,0,0,0,0,0,0,,-,-,,,
188710061,"MACIEJEVSKI, ZBIGNIEV","Tarybos narys",16010101,01,1000002,AV2015/302,30-JUN-15,EUR,853.39,0,0,0,0,0,0,,-,-,,,
188710061,"MACIEJEVSKI, ZBIGNIEV","Tarybos narys",16010101,01,1000002,AV2016/82,31-MAR-16,EUR,900,0,0,0,0,0,0,,-,-,,,
188710061,"BENKUNSKAS, VALDAS","Tarybos narys",16030101,01,1000012,AV2015/340,03-SEP-15,EUR,35,0,0,0,0,0,0,,-,-,,,
188710061,"BENKUNSKAS, VALDAS","Tarybos narys",16030101,01,1000012,AV2015/341,03-SEP-15,EUR,76.76,0,0,0,0,0,0,,-,-,,,
188710061,"BENKUNSKAS, VALDAS","Tarybos narys",16010101,01,1000002,AV2015/426,26-OCT-15,EUR,118.33,0,0,0,0,0,0,,-,-,,,
188710061,"BENKUNSKAS, VALDAS","Tarybos narys",16030101,01,1000012,AV2015/454,23-DEC-15,EUR,100,0,0,0,0,0,0,,-,-,,,
188710061,"BENKUNSKAS, VALDAS","Tarybos narys",16010101,01,1000002,AV2015/473,30-DEC-15,EUR,639.8,0,0,0,0,0,0,,-,-,,,
188710061,"BENKUNSKAS, VALDAS","Tarybos narys",16030101,01,1000012,AV2016/141,03-MAY-16,EUR,24,0,0,0,0,0,0,,-,-,,,
188710061,"KUZMICKIENĖ, PAULĖ","Tarybos narys",16010101,01,1000002,AV2015/130,31-MAR-15,EUR,870,0,0,0,0,0,0,,-,-,,,
188710061,"SAKSON, GŽEGOŽ","Tarybos narys",16010101,01,1000002,AV2016/93,31-MAR-16,EUR,900,0,0,0,0,0,0,,-,-,,,
188710061,"MONKEVIČIUS, MIROSLAVAS","Tarybos narys",16010101,01,1000002,AV2015/382,30-SEP-15,EUR,823.88,0,0,0,0,0,0,,-,-,,,
188710061,"SKUČAS, ŠARŪNAS","Tarybos narys",16010101,01,1000002,AV2015/500,31-DEC-15,EUR,900,0,0,0,0,0,0,,-,-,,,
188710061,"KAŠĖTAITĖ, JUSTINA","Tarybos narys",16010101,01,1000002,AV2015/295,30-JUN-15,EUR,667,0,0,0,0,0,0,,-,-,,,
188710061,"GNEUŠEV, DMITRIJ","Tarybos narys",16010101,01,1000002,AV2016/148,08-MAY-16,EUR,335,0,0,0,0,0,0,,-,-,,,
188710061,"TUMELIS, SKIRMANTAS","Tarybos narys",16010101,01,1000002,AV2015/466,02-DEC-15,EUR,900,0,0,0,0,0,0,,-,-,,,
188710061,"ARMONAITĖ, AUŠRINĖ","Tarybos narys",16010101,01,1000002,AV2016/192,30-JUN-16,EUR,900,0,0,0,0,0,0,,-,-,,,
188710061,"CYTACKA, RENATA","Tarybos narys",16010101,01,1000002,AV2016/69,31-MAR-16,EUR,888.79,0,0,0,0,0,0,,-,-,,,
188710061,"IMBRASAS, AUDRONIS","Tarybos narys",16010101,01,1000002,AV2015/291,30-JUN-15,EUR,76.55,0,0,0,0,0,0,,-,-,,,
188710061,"IMBRASAS, AUDRONIS","Tarybos narys",16010101,01,1000002,AV2015/368,30-SEP-15,EUR,14,0,0,0,0,0,0,,-,-,,,
188710061,"KUKARĖNAS, VAIDAS","Tarybos narys",16010101,01,1000002,AV2016/106,31-MAR-16,EUR,900,0,0,0,0,0,0,,-,-,,,
188710061,"STOŠKUS, LIUTAURAS","Tarybos narys",16010101,01,1000002,AV2015/318,30-JUN-15,EUR,313.64,0,0,0,0,0,0,,-,-,,,
188710061,"STOŠKUS, LIUTAURAS","Tarybos narys",16010101,01,1000002,AV2015/502,31-DEC-15,EUR,709.34,0,0,0,0,0,0,,-,-,,,
188710061,"BUŽINSKAS, ADOMAS","Tarybos narys",16010101,01,1000002,AV2016/194,30-JUN-16,EUR,900,0,0,0,0,0,0,,-,-,,,
188710061,"POŠEVECKAJA, ROMUALDA","Tarybos narys",16010101,01,1000002,AV2015/496,31-DEC-15,EUR,900,0,0,0,0,0,0,,-,-,,,
188710061,"MUKSINOV, RAFAEL","Tarybos narys",16010101,01,1000002,AV2015/383,30-SEP-15,EUR,572.86,0,0,0,0,0,0,,-,-,,,
188710061,"MUKSINOV, RAFAEL","Tarybos narys",16010101,01,1000002,AV2016/87,31-MAR-16,EUR,900,0,0,0,0,0,0,,-,-,,,
188710061,"ŠIMAŠIUS, REMIGIJUS","Tarybos narys",16030101,01,1000063,AV2015/351,24-SEP-15,EUR,2.76,0,0,0,0,0,0,,-,-,,,
188710061,"ŠIMAŠIUS, REMIGIJUS","Tarybos narys",16030101,01,1000063,AV2015/423,20-OCT-15,EUR,46.7,0,0,0,0,0,0,,-,-,,,
188710061,"ŠIMAŠIUS, REMIGIJUS","Tarybos narys",16030101,01,1000063,AV2016/15,05-JAN-16,EUR,22,0,0,0,0,0,0,,-,-,,,
188710061,"ŠIMAŠIUS, REMIGIJUS","Tarybos narys",16010101,01,1000002,AV2016/155,02-JUN-16,EUR,102.5,0,0,0,0,0,0,,-,-,,,
188710061,"ŠIMAŠIUS, REMIGIJUS","Tarybos narys",16010101,01,1000002,AV2016/41,04-MAR-16,EUR,134.7,0,0,0,0,0,0,,-,-,,,
188710061,"PALUCKAS, GINTAUTAS","Tarybos narys",16030101,01,1000012,AV2016/9,05-JAN-16,EUR,89.76,0,0,0,0,0,0,,-,-,,,
188710061,"ILGIUS, VAIDOTAS","Tarybos narys",16010101,01,1000002,AV2015/509,31-DEC-15,EUR,489.8,0,0,0,0,0,0,,-,-,,,
188710061,"IMBRASAS, JUOZAS","Tarybos narys",16010101,01,1000002,AV2016/74,31-MAR-16,EUR,900,0,0,0,0,0,0,,-,-,,,
188710061,"RUDŽIONIS, GEDIMINAS","Tarybos narys",16010101,01,1000002,AV2015/312,30-JUN-15,EUR,870,0,0,0,0,0,0,,-,-,,,
188710061,"KAMINSKI, JAROSLAV","Tarybos narys",16010101,01,1000002,AV2015/198,07-APR-15,EUR,182.53,0,0,0,0,0,0,,-,-,,,
188710061,"ZUOKAS, ARTŪRAS","Tarybos narys",16030101,01,1000063,71/341-13-35,03-SEP-14,EUR,53.17,53.17,53.17,0,0,0,0,,-,-,,,
188710061,"ZUOKAS, ARTŪRAS","Tarybos narys",16030101,01,1000063,"ADM 003884",11-SEP-14,EUR,135.15,135.15,135.15,0,0,0,0,,-,-,,,
188710061,"ZUOKAS, ARTŪRAS","Tarybos narys",16030101,01,1000063,AV2015/195,15-APR-15,EUR,280.38,0,0,0,0,0,0,,-,-,,,
188710061,"ZUOKAS, ARTŪRAS","Tarybos narys",16030101,01,1000063,AV2015/95,17-MAR-15,EUR,240,0,0,0,0,0,0,,-,-,,,
188710061,"ZUOKAS, ARTŪRAS","Tarybos narys",16030101,01,1000063,"SVEČ 0002868",25-OCT-14,EUR,140,140,140,0,0,0,0,,-,-,,,
188710061,"TAMOŠIŪNAITĖ, EDITA","Tarybos narys",16010101,01,1000002,AV2015/399,30-SEP-15,EUR,892.91,0,0,0,0,0,0,,-,-,,,
188710061,"TAMOŠIŪNAITĖ, EDITA","Tarybos narys",16010101,01,1000002,AV2015/506,31-DEC-15,EUR,900,0,0,0,0,0,0,,-,-,,,
188710061,"ŠVILPA, GEDIMINAS","Tarybos narys",16010101,01,1000002,AV2016/101,31-MAR-16,EUR,900,0,0,0,0,0,0,,-,-,,,
188710061,"ŠVILPA, GEDIMINAS","Tarybos narys",16010101,01,1000002,AV2016/230,30-JUN-16,EUR,848.5,0,0,0,0,0,0,,-,-,,,
188710061,"SKARUPSKAS, MARIUS","Tarybos narys",16010101,01,1000002,AV2015/391,30-SEP-15,EUR,892.91,0,0,0,0,0,0,,-,-,,,
188710061,"SKARUPSKAS, MARIUS","Tarybos narys",16010101,01,1000002,AV2016/235,30-JUN-16,EUR,49.73,0,0,0,0,0,0,,-,-,,,
188710061,"URBONAVIČIUS, VIDAS","Tarybos narys",16010101,01,1000002,AV2016/233,30-JUN-16,EUR,900,0,0,0,0,0,0,,-,-,,,
188710061,"MARTIKONIS, VIDMANTAS","Tarybos narys",16010101,01,1000002,AV2016/212,30-JUN-16,EUR,570.69,0,0,0,0,0,0,,-,-,,,
188710061,"BENKUNSKAS, VALDAS","Tarybos narys",16010101,01,1000002,AV2015/333,31-JUL-15,EUR,138.24,0,0,0,0,0,0,,-,-,,,
188710061,"BENKUNSKAS, VALDAS","Tarybos narys",16030101,01,1000012,AV2015/438,13-NOV-15,EUR,145.3,0,0,0,0,0,0,,-,-,,,
188710061,"KATINAS, ANDRIUS","Tarybos narys",16010101,01,1000002,AV2016/78,31-MAR-16,EUR,864.7,0,0,0,0,0,0,,-,-,,,
188710061,"ČAPLIKAS, ALGIS","Tarybos narys",16010101,01,1000002,AV2016/70,31-MAR-16,EUR,877.17,0,0,0,0,0,0,,-,-,,,
188710061,"ARMONAITĖ, AUŠRINĖ","Tarybos narys",16010101,01,1000002,AV2015/476,31-DEC-15,EUR,726.75,0,0,0,0,0,0,,-,-,,,
188710061,"MITALAS, VYTAUTAS","Tarybos narys",16010101,01,1000002,AV2015/354,07-SEP-15,EUR,133,0,0,0,0,0,0,,-,-,,,
188710061,"ŠVENTICKIENĖ, ALDONA","Tarybos narys",16010101,01,1000002,AV2015/504,31-DEC-15,EUR,900,0,0,0,0,0,0,,-,-,,,
188710061,"IMBRASAS, AUDRONIS","Tarybos narys",16010101,01,1000002,AV2015/480,31-DEC-15,EUR,124.07,0,0,0,0,0,0,,-,-,,,
188710061,"MALDEIKIENĖ, AUŠRA","Tarybos narys",16010101,01,1000002,AV2015/303,30-JUN-15,EUR,667,0,0,0,0,0,0,,-,-,,,
188710061,"BUŽINSKAS, ADOMAS","Tarybos narys",16010101,01,1000002,AV2015/286,30-JUN-15,EUR,660.58,0,0,0,0,0,0,,-,-,,,
188710061,"ŠIMAŠIUS, REMIGIJUS","Tarybos narys",16030101,01,1000063,AV2015/331,02-JUL-15,EUR,7.75,0,0,0,0,0,0,,-,-,,,
188710061,"ŠIMAŠIUS, REMIGIJUS","Tarybos narys",16030101,01,1000063,AV2015/440,02-NOV-15,EUR,167.97,0,0,0,0,0,0,,-,-,,,
188710061,"ŠIMAŠIUS, REMIGIJUS","Tarybos narys",16030101,01,1000063,AV2016/16,12-JAN-16,EUR,78.64,0,0,0,0,0,0,,-,-,,,
188710061,"ŠIMAŠIUS, REMIGIJUS","Tarybos narys",16030101,01,1000063,AV2016/184,13-JUN-16,EUR,150,0,0,0,0,0,0,,-,-,,,
188710061,"ŠIMAŠIUS, REMIGIJUS","Tarybos narys",16030101,01,1000063,AV2016/33,09-FEB-16,EUR,50.07,0,0,0,0,0,0,,-,-,,,
188710061,"KVEDARAVIČIUS, LINAS","Tarybos narys",16010101,01,1000002,AV2015/334,31-JUL-15,EUR,85.79,0,0,0,0,0,0,,-,-,,,
188710061,"KVEDARAVIČIUS, LINAS","Tarybos narys",16010101,01,1000002,AV2015/339,31-AUG-15,EUR,106.66,0,0,0,0,0,0,,-,-,,,
188710061,"KVEDARAVIČIUS, LINAS","Tarybos narys",16010101,01,1000002,AV2016/115,15-APR-16,EUR,262.26,0,0,0,0,0,0,,-,-,,,
188710061,"KVEDARAVIČIUS, LINAS","Tarybos narys",16010101,01,1000002,AV2016/190,30-JUN-16,EUR,128.63,0,0,0,0,0,0,,-,-,,,
188710061,"PALUCKAS, GINTAUTAS","Tarybos narys",16010101,01,1000002,AV2016/120,25-APR-16,EUR,189,0,0,0,0,0,0,,-,-,,,
188710061,"LIUDKOVSKI, ARTUR","Tarybos narys",16010101,01,1000002,AV2015/133,31-MAR-15,EUR,870,0,0,0,0,0,0,,-,-,,,
188710061,"LIUDKOVSKI, ARTUR","Tarybos narys",16010101,01,1000002,AV2015/218,21-APR-15,EUR,204.53,0,0,0,0,0,0,,-,-,,,
188710061,"LIUDKOVSKI, ARTUR","Tarybos narys",16010101,01,1000002,AV2016/188,08-JUN-16,EUR,900,0,0,0,0,0,0,,-,-,,,
188710061,"ILGIUS, VAIDOTAS","Tarybos narys",16010101,01,1000002,AV2016/198,30-JUN-16,EUR,900,0,0,0,0,0,0,,-,-,,,
188710061,"IMBRASAS, JUOZAS","Tarybos narys",16010101,01,1000002,AV2015/470,28-DEC-15,EUR,900,0,0,0,0,0,0,,-,-,,,
188710061,"RUDŽIONIS, GEDIMINAS","Tarybos narys",16010101,01,1000002,AV2015/497,31-DEC-15,EUR,900,0,0,0,0,0,0,,-,-,,,
188710061,"RUDŽIONIS, GEDIMINAS","Tarybos narys",16010101,01,1000002,AV2016/92,31-MAR-16,EUR,900,0,0,0,0,0,0,,-,-,,,
188710061,"KAMINSKI, JAROSLAV","Tarybos narys",16030101,01,1000012,AV2015/103,30-MAR-15,EUR,93.5,0,0,0,0,0,0,,-,-,,,
188710061,"KAMINSKI, JAROSLAV","Tarybos narys",16030101,01,1000012,AV2015/190,20-APR-15,EUR,36,0,0,0,0,0,0,,-,-,,,
188710061,"KAMINSKI, JAROSLAV","Tarybos narys",16010101,01,1000002,AV2015/353,07-SEP-15,EUR,140.08,0,0,0,0,0,0,,-,-,,,
188710061,"KAMINSKI, JAROSLAV","Tarybos narys",16010101,01,1000002,AV2016/178,28-JUN-16,EUR,251.05,0,0,0,0,0,0,,-,-,,,
188710061,"ZUOKAS, ARTŪRAS","Tarybos narys",16030101,01,1000063,AV2015/35,17-FEB-15,EUR,59.96,0,0,0,0,0,0,,-,-,,,
188710061,"ZUOKAS, ARTŪRAS","Tarybos narys",16010101,01,1000002,AV2015/402,30-SEP-15,EUR,660.08,0,0,0,0,0,0,,-,-,,,
188710061,"ZUOKAS, ARTŪRAS","Tarybos narys",16030101,01,1000063,"DELK 2245",25-OCT-14,EUR,73.04,73.04,73.04,0,0,0,0,,-,-,,,
188710061,"ZUOKAS, ARTŪRAS","Tarybos narys",16030101,01,1000063,"KT 0001251",03-SEP-14,EUR,848.7,848.7,848.7,0,0,0,0,,-,-,,,
188710061,"TAMOŠIŪNAITĖ, EDITA","Tarybos narys",16010101,01,1000002,AV2016/231,30-JUN-16,EUR,900,0,0,0,0,0,0,,-,-,,,
188710061,"ŠVILPA, GEDIMINAS","Tarybos narys",16010101,01,1000002,AV2015/149,31-MAR-15,EUR,618.72,0,0,0,0,0,0,,-,-,,,
188710061,"ŠVILPA, GEDIMINAS","Tarybos narys",16010101,01,1000002,AV2015/323,30-JUN-15,EUR,870,0,0,0,0,0,0,,-,-,,,
188710061,"URBONAVIČIUS, VIDAS","Tarybos narys",16010101,01,1000002,AV2015/153,31-MAR-15,EUR,862.01,0,0,0,0,0,0,,-,-,,,
188710061,"URBONAVIČIUS, VIDAS","Tarybos narys",16010101,01,1000002,AV2015/401,30-SEP-15,EUR,892.91,0,0,0,0,0,0,,-,-,,,
188710061,"MARTIKONIS, VIDMANTAS","Tarybos narys",16010101,01,1000002,AV2015/304,30-JUN-15,EUR,626.03,0,0,0,0,0,0,,-,-,,,
188710061,"ŠILGALIS, ŽILVINAS","Tarybos narys",16010101,01,1000002,AV2015/145,31-MAR-15,EUR,870,0,0,0,0,0,0,,-,-,,,
188710061,"ŠILGALIS, ŽILVINAS","Tarybos narys",16010101,01,1000002,AV2015/469,22-DEC-15,EUR,900,0,0,0,0,0,0,,-,-,,,
188710061,"ŠILGALIS, ŽILVINAS","Tarybos narys",16010101,01,1000002,AV2016/227,30-JUN-16,EUR,870.97,0,0,0,0,0,0,,-,-,,,
188710061,"MACIEJEVSKI, ZBIGNIEV","Tarybos narys",16010101,01,1000002,AV2015/378,30-SEP-15,EUR,892.91,0,0,0,0,0,0,,-,-,,,
188710061,"BENKUNSKAS, VALDAS","Tarybos narys",16010101,01,1000002,AV2015/119,31-MAR-15,EUR,870,0,0,0,0,0,0,,-,-,,,
188710061,"BENKUNSKAS, VALDAS","Tarybos narys",16010101,01,1000002,AV2015/204,21-APR-15,EUR,84.08,0,0,0,0,0,0,,-,-,,,
188710061,"BENKUNSKAS, VALDAS","Tarybos narys",16010101,01,1000002,AV2015/282,30-JUN-15,EUR,445.48,0,0,0,0,0,0,,-,-,,,
188710061,"BENKUNSKAS, VALDAS","Tarybos narys",16010101,01,1000002,AV2015/360,30-SEP-15,EUR,390.66,0,0,0,0,0,0,,-,-,,,
188710061,"BENKUNSKAS, VALDAS","Tarybos narys",16010101,01,1000002,AV2015/445,30-NOV-15,EUR,121.93,0,0,0,0,0,0,,-,-,,,
188710061,"BENKUNSKAS, VALDAS","Tarybos narys",16010101,01,1000002,AV2016/149,31-MAY-16,EUR,152.76,0,0,0,0,0,0,,-,-,,,
188710061,"BENKUNSKAS, VALDAS","Tarybos narys",16010101,01,1000002,AV2016/169,08-JUN-16,EUR,22,0,0,0,0,0,0,,-,-,,,
188710061,"SAKSON, GŽEGOŽ","Tarybos narys",16010101,01,1000002,AV2015/142,31-MAR-15,EUR,870,0,0,0,0,0,0,,-,-,,,
188710061,"STORPIRŠTIS, GEDIMINAS","Tarybos narys",16010101,01,1000002,AV2015/393,30-SEP-15,EUR,892.91,0,0,0,0,0,0,,-,-,,,
188710061,"SKUČAS, ŠARŪNAS","Tarybos narys",16010101,01,1000002,AV2016/95,31-MAR-16,EUR,874.28,0,0,0,0,0,0,,-,-,,,
188710061,"JURGUTIS, VINCAS","Tarybos narys",16010101,01,1000002,AV2015/293,30-JUN-15,EUR,343.3,0,0,0,0,0,0,,-,-,,,
188710061,"KATINAS, ANDRIUS","Tarybos narys",16010101,01,1000002,AV2015/484,31-DEC-15,EUR,900,0,0,0,0,0,0,,-,-,,,
188710061,"ARMONAITĖ, AUŠRINĖ","Tarybos narys",16010101,01,1000002,AV2015/284,30-JUN-15,EUR,667,0,0,0,0,0,0,,-,-,,,
188710061,"ŠVENTICKIENĖ, ALDONA","Tarybos narys",16010101,01,1000002,AV2016/135,17-MAY-16,EUR,110,0,0,0,0,0,0,,-,-,,,
188710061,"ŠVENTICKIENĖ, ALDONA","Tarybos narys",16010101,01,1000002,AV2016/229,30-JUN-16,EUR,900,0,0,0,0,0,0,,-,-,,,
188710061,"KUKARĖNAS, VAIDAS","Tarybos narys",16010101,01,1000002,AV2015/298,30-JUN-15,EUR,657.98,0,0,0,0,0,0,,-,-,,,
188710061,"MALDEIKIENĖ, AUŠRA","Tarybos narys",16010101,01,1000002,AV2016/211,30-JUN-16,EUR,814.89,0,0,0,0,0,0,,-,-,,,
188710061,"MAJAUSKAS, MYKOLAS","Tarybos narys",16010101,01,1000002,AV2016/62,30-MAR-16,EUR,900,0,0,0,0,0,0,,-,-,,,
188710061,"STOŠKUS, LIUTAURAS","Tarybos narys",16010101,01,1000002,AV2016/226,30-JUN-16,EUR,900,0,0,0,0,0,0,,-,-,,,
188710061,"BUŽINSKAS, ADOMAS","Tarybos narys",16010101,01,1000002,AV2016/68,31-MAR-16,EUR,900,0,0,0,0,0,0,,-,-,,,
188710061,"POŠEVECKAJA, ROMUALDA","Tarybos narys",16010101,01,1000002,AV2016/91,31-MAR-16,EUR,899.03,0,0,0,0,0,0,,-,-,,,
188710061,"ŠIMAŠIUS, REMIGIJUS","Tarybos narys",16030101,01,1000063,AV2015/332,02-JUL-15,EUR,5.8,0,0,0,0,0,0,,-,-,,,
188710061,"ŠIMAŠIUS, REMIGIJUS","Tarybos narys",16030101,01,1000063,AV2015/443,13-NOV-15,EUR,20.59,0,0,0,0,0,0,,-,-,,,
188710061,"ŠIMAŠIUS, REMIGIJUS","Tarybos narys",16030101,01,1000063,AV2015/444,16-NOV-15,EUR,8.2,0,0,0,0,0,0,,-,-,,,
188710061,"ŠIMAŠIUS, REMIGIJUS","Tarybos narys",16030101,01,1000063,AV2016/147,04-MAY-16,EUR,19.5,0,0,0,0,0,0,,-,-,,,
188710061,"ŠIMAŠIUS, REMIGIJUS","Tarybos narys",16030101,01,1000063,AV2016/186,14-JUN-16,EUR,11.3,0,0,0,0,0,0,,-,-,,,
188710061,"ŠIMAŠIUS, REMIGIJUS","Tarybos narys",16030101,01,1000063,AV2016/34,18-FEB-16,EUR,78.12,0,0,0,0,0,0,,-,-,,,
188710061,"KVEDARAVIČIUS, LINAS","Tarybos narys",16010101,01,1000002,AV2015/256,31-MAY-15,EUR,117.69,0,0,0,0,0,0,,-,-,,,
188710061,"KVEDARAVIČIUS, LINAS","Tarybos narys",16010101,01,1000002,AV2015/361,30-SEP-15,EUR,149.96,0,0,0,0,0,0,,-,-,,,
188710061,"KVEDARAVIČIUS, LINAS","Tarybos narys",16010101,01,1000002,AV2016/64,31-MAR-16,EUR,109.73,0,0,0,0,0,0,,-,-,,,
188710061,"PODOLSKAITĖ, VIOLETA","Tarybos narys",16010101,01,1000002,AV2015/268a,05-JUN-15,EUR,95,0,0,0,0,0,0,,-,-,,,
188710061,"PODOLSKAITĖ, VIOLETA","Tarybos narys",16010101,01,1000002,AV2016/90,31-MAR-16,EUR,900,0,0,0,0,0,0,,-,-,,,
188710061,"PALUCKAS, GINTAUTAS","Tarybos narys",16030101,01,1000012,AV2016/126,04-APR-16,EUR,165,0,0,0,0,0,0,,-,-,,,
188710061,"LIUDKOVSKI, ARTUR","Tarybos narys",16010101,01,1000002,AV2015/359,28-SEP-15,EUR,892.91,0,0,0,0,0,0,,-,-,,,
188710061,"IMBRASAS, JUOZAS","Tarybos narys",16010101,01,1000002,AV2016/200,30-JUN-16,EUR,900,0,0,0,0,0,0,,-,-,,,
188710061,"KAMINSKI, JAROSLAV","Tarybos narys",16030101,01,1000012,AV2015/104,30-MAR-15,EUR,142.45,0,0,0,0,0,0,,-,-,,,
188710061,"KAMINSKI, JAROSLAV","Tarybos narys",16030101,01,1000012,AV2015/105,30-MAR-15,EUR,52,0,0,0,0,0,0,,-,-,,,
188710061,"NĖNIUS, KĘSTUTIS","Tarybos narys",16010101,01,1000002,AV2015/138,31-MAR-15,EUR,184.67,0,0,0,0,0,0,,-,-,,,
188710061,"NĖNIUS, KĘSTUTIS","Tarybos narys",16010101,01,1000002,AV2015/384,30-SEP-15,EUR,857.89,0,0,0,0,0,0,,-,-,,,
188710061,"NĖNIUS, KĘSTUTIS","Tarybos narys",16010101,01,1000002,AV2015/471,28-DEC-15,EUR,900,0,0,0,0,0,0,,-,-,,,
188710061,"ZUOKAS, ARTŪRAS","Tarybos narys",16030101,01,1000063,"IKI I100807-001420",25-OCT-14,EUR,21.12,21.12,21.12,0,0,0,0,,-,-,,,
188710061,"ZUOKAS, ARTŪRAS","Tarybos narys",16030101,01,1000063,"PSO4 250731",21-JUL-14,EUR,63.08,63.08,63.08,0,0,0,0,,-,-,,,
188710061,"ZUOKAS, ARTŪRAS","Tarybos narys",16030101,01,1000063,"STEKA 2014/11-24-6",24-NOV-14,EUR,40.55,40.55,40.55,0,0,0,0,,-,-,,,
188710061,"ŠIŠKO, EDITA","Tarybos narys",16010101,01,1000002,AV2015/396,30-SEP-15,EUR,869.27,0,0,0,0,0,0,,-,-,,,
188710061,"ŠIŠKO, EDITA","Tarybos narys",16010101,01,1000002,AV2015/503,31-DEC-15,EUR,900,0,0,0,0,0,0,,-,-,,,
188710061,"TAMOŠIŪNAITĖ, EDITA","Tarybos narys",16010101,01,1000002,AV2016/102,31-MAR-16,EUR,900,0,0,0,0,0,0,,-,-,,,
188710061,"MARTIKONIS, VIDMANTAS","Tarybos narys",16010101,01,1000002,AV2015/380,30-SEP-15,EUR,892.91,0,0,0,0,0,0,,-,-,,,
188710061,"ŠILGALIS, ŽILVINAS","Tarybos narys",16010101,01,1000002,AV2016/98,31-MAR-16,EUR,880.89,0,0,0,0,0,0,,-,-,,,
188710061,"BENKUNSKAS, VALDAS","Tarybos narys",16030101,01,1000012,AV2016/125,01-APR-16,EUR,135.9,0,0,0,0,0,0,,-,-,,,
188710061,"BENKUNSKAS, VALDAS","Tarybos narys",16010101,01,1000002,AV2016/130,29-APR-16,EUR,165.34,0,0,0,0,0,0,,-,-,,,
188710061,"BENKUNSKAS, VALDAS","Tarybos narys",16010101,01,1000002,AV2016/153,02-JUN-16,EUR,79.5,0,0,0,0,0,0,,-,-,,,
188710061,"MONKEVIČIUS, MIROSLAVAS","Tarybos narys",16030105,01,1000012,AV2015/89,30-MAR-15,EUR,365.5,0,0,0,0,0,0,,-,-,,,
188710061,"KAŠĖTAITĖ, JUSTINA","Tarybos narys",16010101,01,1000002,AV2015/483,31-DEC-15,EUR,900,0,0,0,0,0,0,,-,-,,,
188710061,"GNEUŠEV, DMITRIJ","Tarybos narys",16010101,01,1000002,AV2015/289,30-JUN-15,EUR,667,0,0,0,0,0,0,,-,-,,,
188710061,"JURGUTIS, VINCAS","Tarybos narys",16010101,01,1000002,AV2016/201,30-JUN-16,EUR,862.14,0,0,0,0,0,0,,-,-,,,
188710061,"ČAPLIKAS, ALGIS","Tarybos narys",16010101,01,1000002,AV2015/366,30-SEP-15,EUR,676.19,0,0,0,0,0,0,,-,-,,,
188710061,"TUMELIS, SKIRMANTAS","Tarybos narys",16010101,01,1000002,AV2015/400,30-SEP-15,EUR,85.97,0,0,0,0,0,0,,-,-,,,
188710061,"CYTACKA, RENATA","Tarybos narys",16010101,01,1000002,AV2015/365,30-SEP-15,EUR,892.91,0,0,0,0,0,0,,-,-,,,
188710061,"ŠVENTICKIENĖ, ALDONA","Tarybos narys",16010101,01,1000002,AV2015/322,30-JUN-15,EUR,667,0,0,0,0,0,0,,-,-,,,
188710061,"KUKARĖNAS, VAIDAS","Tarybos narys",16010101,01,1000002,AV2016/21,01-FEB-16,EUR,42,0,0,0,0,0,0,,-,-,,,
188710061,"MAJAUSKAS, MYKOLAS","Tarybos narys",16010101,01,1000002,AV2015/301,30-JUN-15,EUR,667,0,0,0,0,0,0,,-,-,,,
188710061,"STOŠKUS, LIUTAURAS","Tarybos narys",16010101,01,1000002,AV2016/97,31-MAR-16,EUR,830.49,0,0,0,0,0,0,,-,-,,,
188710061,"POŠEVECKAJA, ROMUALDA","Tarybos narys",16010101,01,1000002,AV2015/387,30-SEP-15,EUR,666.72,0,0,0,0,0,0,,-,-,,,
188710061,"MUKSINOV, RAFAEL","Tarybos narys",16010101,01,1000002,AV2015/493,31-DEC-15,EUR,628.49,0,0,0,0,0,0,,-,-,,,
188710061,"MUKSINOV, RAFAEL","Tarybos narys",16010101,01,1000002,AV2016/215,30-JUN-16,EUR,889.66,0,0,0,0,0,0,,-,-,,,
188710061,"ŠIMAŠIUS, REMIGIJUS","Tarybos narys",16030101,01,1000063,AV2015/441,02-NOV-15,EUR,52.84,0,0,0,0,0,0,,-,-,,,
188710061,"ŠIMAŠIUS, REMIGIJUS","Tarybos narys",16030101,01,1000063,AV2016/123,13-APR-16,EUR,68.86,0,0,0,0,0,0,,-,-,,,
188710061,"ŠIMAŠIUS, REMIGIJUS","Tarybos narys",16030101,01,1000063,AV2016/239,04-JUL-16,EUR,39,0,0,0,0,0,0,,-,-,,,
188710061,"ŠIMAŠIUS, REMIGIJUS","Tarybos narys",16030101,01,1000063,AV2016/32,03-FEB-16,EUR,78.06,0,0,0,0,0,0,,-,-,,,
188710061,"KVEDARAVIČIUS, LINAS","Tarybos narys",16010101,01,1000002,AV2015/427,30-OCT-15,EUR,53.4,0,0,0,0,0,0,,-,-,,,
